,poistion,track_name,artist,popularity,followers,genres,danceability,energy,key,loudness,mode,speechiness,instrumentalness,liveness,valence,tempo,duration_ms,time_signature,explicit,track_id,art_id,album,year
0,1,Shape of You,Ed Sheeran,85,105408325,"['pop', 'uk pop']",0.825,0.652,1,-3.183,0,0.0802,0.0,0.0931,0.931,95.977,233713,4,False,7qiZfU4dY1lWllzX7mPBI3,6eUKZXaKkcviH0Ku9w2n3V,÷ (Deluxe),2017
1,2,Believer,Imagine Dragons,87,43537945,"['modern rock', 'rock']",0.776,0.78,10,-4.374,0,0.128,0.0,0.081,0.666,124.949,204347,4,False,0pqnGHJpmpxLKifKRmU6WP,53XhwfbYqKCa1cC15pYq2q,Evolve,2017
2,3,Despacito,Luis Fonsi,79,10713839,"['latin pop', 'puerto rican pop']",0.655,0.797,2,-4.787,1,0.153,0.0,0.067,0.839,177.928,229360,4,False,6habFhsOp2NvshLv26DqMb,4V8Sr092TqfHkfAA5fXXqG,VIDA,2017
3,4,Bad Things (with Camila Cabello),Machine Gun Kelly,71,4874369,"['ohio hip hop', 'pop', 'pop rap']",0.697,0.691,2,-4.757,1,0.146,0.0,0.185,0.305,137.853,239293,4,False,1PSBzsahR2AKwLJgx8ehBj,6TIYQ3jFPwQSRmorSezPxX,bloom,2017
4,5,Rockabye (feat. Sean Paul & Anne-Marie),Clean Bandit,74,4981043,"['dance pop', 'edm', 'pop', 'pop dance', 'post-teen pop', 'tropical house', 'uk dance', 'uk funky']",0.72,0.763,9,-4.068,0,0.0523,0.0,0.18,0.742,101.965,251088,4,False,5knuzwU65gJK7IF5yJsuaW,6MDME20pz9RveH9rEXvrOM,Rockabye (feat. Sean Paul & Anne-Marie),2017
5,6,Havana (feat. Young Thug),Camila Cabello,79,28592183,"['dance pop', 'pop', 'post-teen pop']",0.765,0.523,2,-4.333,1,0.03,3.56e-05,0.132,0.394,104.988,217307,4,False,1rfofaqEpACxVEHIZBJe6W,4nDoRrQiYLoBzwC5BhVJzF,Camila,2017
6,7,Thunder,Imagine Dragons,84,43537945,"['modern rock', 'rock']",0.605,0.822,0,-4.833,1,0.0438,0.134,0.147,0.288,167.997,187147,4,False,1zB4vmk8tFRmM9UULNzbLB,53XhwfbYqKCa1cC15pYq2q,Evolve,2017
7,8,Don't Wanna Know (feat. Kendrick Lamar),Maroon 5,61,38687623,['pop'],0.783,0.61,7,-6.124,1,0.0696,0.0,0.0983,0.418,100.047,214265,4,False,1nueTG77MzNkJTKQ0ZdGzT,04gDigrS5kc9YWfZHwBETP,Red Pill Blues (Deluxe),2017
8,9,Something Just Like This,The Chainsmokers,84,19672668,"['dance pop', 'edm', 'electropop', 'pop', 'pop dance', 'tropical house']",0.617,0.635,11,-6.769,0,0.0317,1.44e-05,0.164,0.446,103.019,247160,4,False,6RUKPb4LETWmmr3iAEQktW,69GGBxA162lTqCwzJG5jLp,Memories...Do Not Open,2017
9,10,Perfect,Ed Sheeran,87,105408325,"['pop', 'uk pop']",0.599,0.448,8,-6.312,1,0.0232,0.0,0.106,0.168,95.05,263400,3,False,0tgVpDi06FyKpA1z0VMD4v,6eUKZXaKkcviH0Ku9w2n3V,÷ (Deluxe),2017
10,11,There's Nothing Holdin' Me Back,Shawn Mendes,85,39919244,"['canadian pop', 'dance pop', 'pop', 'viral pop']",0.866,0.813,11,-4.063,0,0.0554,0.0,0.0779,0.969,121.998,199440,4,False,7JJmb5XwzOO8jgpou264Ml,7n2wHs1TKAczGzO7Dd2rGr,Illuminate (Deluxe),2017
11,12,Say You Won't Let Go,James Arthur,85,10613993,"['pop', 'talent show', 'uk pop']",0.358,0.557,10,-7.398,1,0.059,0.0,0.0902,0.494,85.043,211467,4,False,5uCax9HTNlzGybIStD3vDh,4IWBUUAFIplrNtaOHcJPRM,Back from the Edge,2017
12,13,Bored,Billie Eilish,84,72283522,"['art pop', 'electropop', 'pop']",0.614,0.318,7,-12.695,1,0.0478,0.00239,0.0795,0.112,119.959,180933,4,False,04sN26COy28wTXYj3dMoiZ,6qqNVTkY8uBg9cP3Jd7DAH,Bored,2017
13,14,Love On The Brain,Rihanna,84,51120446,"['barbadian pop', 'dance pop', 'pop', 'urban contemporary']",0.509,0.637,4,-4.83,0,0.0471,1.08e-05,0.0789,0.378,172.006,224000,3,True,5oO3drDxtziYU2H1X23ZIp,5pKCCKE2ajJHZ9KAiaK11H,ANTI (Deluxe),2017
14,15,Jocelyn Flores,XXXTENTACION,84,39086063,"['emo rap', 'miami hip hop']",0.872,0.391,0,-9.144,0,0.242,4.13e-06,0.297,0.437,134.021,119133,4,True,7m9OqQk4RVRkw9JJdeAw96,15UsOTVnJzReFVN1VCnxy4,17,2017
15,16,goosebumps,Travis Scott,84,21399433,"['rap', 'slap house']",0.841,0.728,7,-3.37,1,0.0484,0.0,0.149,0.43,130.049,243837,4,True,6gBFPUFcJLzWGx4lenP6h2,0Y5tJX1MQlPlqiwlOH1tJY,Birds In The Trap Sing McKnight,2017
16,17,HUMBLE.,Kendrick Lamar,83,22059978,"['conscious hip hop', 'hip hop', 'rap', 'west coast rap']",0.908,0.621,1,-6.638,0,0.102,5.39e-05,0.0958,0.421,150.011,177000,4,True,7KXjTSCq5nL1LoYtL7XAwS,2YZyLoL8N0Wb9xBt1NhZWg,DAMN.,2017
17,18,Sign of the Times,Harry Styles,83,24493873,['pop'],0.516,0.595,5,-4.63,1,0.0313,0.0,0.109,0.222,119.972,340707,4,False,5Ohxk2dO5COHF1krpoPigN,6KImCVD70vtIoJWnq6nGn3,Harry Styles,2017
18,19,That's What I Like,Bruno Mars,83,44487480,"['dance pop', 'pop']",0.853,0.56,1,-4.961,1,0.0406,0.0,0.0944,0.86,134.066,206693,4,False,0KKkJNfGyhkQ5aFogxQAPU,0du5cEVh5yTK9QJze8zA0C,24K Magic,2017
19,20,Mask Off,Future,82,12495624,"['atl hip hop', 'hip hop', 'rap', 'southern hip hop', 'trap']",0.833,0.434,2,-8.795,1,0.431,0.0219,0.165,0.281,150.062,204600,4,True,0VgkVdmE4gld66l8iyGjgx,1RyvyyTE3xzB2ZywiAwp0i,FUTURE,2017
20,21,Passionfruit,Drake,82,69088297,"['canadian hip hop', 'canadian pop', 'hip hop', 'rap', 'toronto rap']",0.809,0.463,11,-11.377,1,0.0396,0.085,0.109,0.364,111.98,298941,4,True,5mCPDVBb16L4XQwDdbRUpz,3TVXtAsR1Inumwj472S9r4,More Life,2017
21,22,Little Dark Age,MGMT,82,2644790,"['alternative dance', 'indietronica', 'modern rock', 'rock']",0.705,0.712,6,-6.156,1,0.0385,0.000855,0.1,0.62,97.512,299960,4,False,2Y0iGXY6m6immVb2ktbseM,0SwO7SWeDHJijQ3XNS7xEE,Little Dark Age,2017
22,23,XO Tour Llif3,Lil Uzi Vert,82,14063662,"['melodic rap', 'philly rap', 'rap', 'trap']",0.732,0.75,11,-6.366,0,0.231,0.0,0.109,0.401,155.096,182707,4,True,7GX5flRQZVHRAGd6B4TmDO,4O15NlyKLIASxsJ0PrXPfz,Luv Is Rage 2,2017
23,24,No Lie,Sean Paul,82,4123131,"['dance pop', 'dancehall', 'pop rap']",0.742,0.882,7,-2.862,1,0.117,0.0,0.206,0.463,102.04,221176,4,False,48QmG1dfvMuYLxMPt7KSRA,3Isy6kedDrgPYoTS1dazA9,Mad Love The Prequel,2017
24,25,Attention,Charlie Puth,82,18386191,"['dance pop', 'pop', 'viral pop']",0.775,0.613,3,-4.586,0,0.0542,2.33e-05,0.134,0.797,100.066,208787,4,False,5cF0dROlMOK5uNZtivgu50,6VuMaDnrHyPL1p4EHjYLi7,Voicenotes,2017
25,26,LOVE. FEAT. ZACARI.,Kendrick Lamar,82,22059978,"['conscious hip hop', 'hip hop', 'rap', 'west coast rap']",0.8,0.585,10,-7.343,1,0.0924,0.0,0.153,0.779,126.058,213400,4,True,6PGoSes0D9eUDeeAafB2As,2YZyLoL8N0Wb9xBt1NhZWg,DAMN.,2017
26,27,Redbone,Childish Gambino,82,10024463,"['atl hip hop', 'hip hop', 'pop', 'rap']",0.745,0.353,1,-10.614,1,0.0983,0.00662,0.118,0.598,160.111,326933,4,True,0WtDGnWL2KrMCk0mI1Gpwz,73sIBHcqh3Z3NyqHKZ7FOL,"""Awaken, My Love!""",2017
27,28,Hold On,Chord Overstreet,81,148761,['acoustic pop'],0.618,0.443,2,-9.681,1,0.0526,0.0,0.0829,0.167,119.949,198853,4,False,5vjLSffimiIP26QG5WcN2K,5D3muNJhYYunbRkh3FKgX0,Hold On,2017
28,29,Congratulations,Post Malone,81,38849587,"['dfw rap', 'melodic rap', 'rap']",0.63,0.804,6,-4.183,1,0.0363,0.0,0.253,0.492,123.146,220293,4,True,3a1lNhkSLSkpJE4MSHpDu9,246dkjvS1zLTtiykXe5h60,Stoney (Deluxe),2017
29,30,Mercy,Shawn Mendes,81,39919244,"['canadian pop', 'dance pop', 'pop', 'viral pop']",0.555,0.662,11,-4.952,0,0.0827,0.0,0.111,0.356,148.128,208733,4,False,0AS63m1wHv9n4VVRizK6Hc,7n2wHs1TKAczGzO7Dd2rGr,Illuminate (Deluxe),2017
30,31,Unforgettable,French Montana,81,4746180,"['gangster rap', 'hip hop', 'pop rap', 'rap', 'southern hip hop', 'trap']",0.726,0.769,6,-5.043,1,0.123,0.0101,0.104,0.733,97.985,233902,4,True,3B54sVLJ402zGa6Xm4YGNe,6vXTefBL93Dj5IqAWq6OTv,Jungle Rules,2017
31,32,Whatever It Takes,Imagine Dragons,81,43537945,"['modern rock', 'rock']",0.672,0.655,10,-5.021,0,0.0311,0.0,0.117,0.556,134.945,201240,4,False,6Qn5zhYkTa37e91HC1D7lb,53XhwfbYqKCa1cC15pYq2q,Evolve,2017
32,33,New Rules,Dua Lipa,80,37329937,"['dance pop', 'pop', 'uk pop']",0.762,0.7,9,-6.021,0,0.0694,1.56e-05,0.153,0.608,116.073,209320,4,False,2ekn2ttSfGqwhhate0LSR0,6M2wZ9GZgrQXHCFfjv46we,Dua Lipa (Deluxe),2017
33,34,I Feel It Coming,The Weeknd,80,53005100,"['canadian contemporary r&b', 'canadian pop', 'pop']",0.773,0.819,0,-5.946,0,0.118,0.0,0.0679,0.585,92.987,269187,4,False,3dhjNA0jGA8vHBQ1VdD6vV,1Xyo4u8uXC1ZmMpatF05PJ,Starboy,2017
34,35,Happier,Ed Sheeran,80,105408325,"['pop', 'uk pop']",0.522,0.385,0,-7.355,1,0.0288,0.0,0.135,0.236,89.792,207520,4,False,2RttW7RAu5nOAfq6YFvApB,6eUKZXaKkcviH0Ku9w2n3V,÷ (Deluxe),2017
35,36,Young Dumb & Broke,Khalid,79,15631794,"['pop', 'pop r&b']",0.799,0.539,1,-6.351,1,0.0421,1.66e-05,0.165,0.394,136.948,202547,4,False,5Z3GHaZ6ec9bsiI5BenrbY,6LuN9FCkKOj5PcnpouEgny,American Teen,2017
36,37,I Don’t Wanna Live Forever (Fifty Shades Darker),Taylor Swift,79,21583184,"['dance pop', 'pop', 'post-teen pop', 'uk pop']",0.731,0.445,0,-8.418,1,0.0533,1.96e-05,0.14,0.106,117.97,247160,4,False,55n9yjI6qqXh5F2mYvUc2y,5ZsFI1h6hIdQRw2ti0hz81,reputation Stadium Tour Surprise Song Playlist,2017
37,38,More Than You Know,Axwell /\ Ingrosso,79,2408809,"['dance pop', 'edm', 'electro house', 'pop', 'pop dance', 'tropical house']",0.646,0.741,5,-4.973,0,0.034,0.0,0.312,0.571,123.077,203000,4,False,6h5PAsRni4IRlxWr6uDPTP,2XnBwblw31dfGnspMIwgWz,More Than You Know,2017
38,39,Human,Rag'n'Bone Man,79,1621641,['neo soul'],0.602,0.707,9,-4.097,1,0.302,0.0,0.165,0.554,75.087,200187,4,False,58zsLZPvfflaiIbNWoA22O,4f9iBmdUOhQWeP7dcAn1pf,Human (Deluxe),2017
39,40,DNA.,Kendrick Lamar,79,22059978,"['conscious hip hop', 'hip hop', 'rap', 'west coast rap']",0.638,0.523,1,-6.664,1,0.357,0.0,0.0842,0.422,139.913,185947,4,True,6HZILIRieu8S0iqY8kIKhj,2YZyLoL8N0Wb9xBt1NhZWg,DAMN.,2017
40,41,I Fall Apart,Post Malone,79,38849587,"['dfw rap', 'melodic rap', 'rap']",0.556,0.538,8,-5.408,0,0.0382,0.0,0.196,0.291,143.95,223347,4,True,75ZvA4QfFiZvzhj2xkaWAh,246dkjvS1zLTtiykXe5h60,Stoney (Deluxe),2017
41,42,24K Magic,Bruno Mars,78,44487480,"['dance pop', 'pop']",0.818,0.803,1,-4.282,1,0.0797,0.0,0.153,0.632,106.97,225983,4,False,6b8Be6ljOzmkOmFslEb23P,0du5cEVh5yTK9QJze8zA0C,24K Magic,2017
42,43,Look What You Made Me Do,Taylor Swift,78,62687649,['pop'],0.766,0.709,9,-6.471,0,0.123,1.41e-05,0.126,0.506,128.07,211853,4,False,1P17dC1amhFzptugyAO7Il,06HL4z0CvFAxyc27GXpf02,reputation,2017
43,44,BUTTERFLY EFFECT,Travis Scott,78,21399433,"['rap', 'slap house']",0.763,0.628,11,-5.85,1,0.05,0.0,0.114,0.193,140.958,190557,4,False,2cYqizR4lgvp4Qu6IQ3qGN,0Y5tJX1MQlPlqiwlOH1tJY,ASTROWORLD,2017
44,45,Drowning (feat. Kodak Black),A Boogie Wit da Hoodie,78,6888209,"['melodic rap', 'rap', 'trap']",0.839,0.81,5,-5.274,0,0.0568,0.0,0.117,0.814,129.014,209269,4,True,1f5cbQtDrykjarZVrShaDI,31W5EY0aAly4Qieq6OFu6I,The Bigger Artist,2017
45,46,Galway Girl,Ed Sheeran,78,105408325,"['pop', 'uk pop']",0.624,0.876,9,-3.374,1,0.1,0.0,0.327,0.781,99.943,170827,4,False,0afhq8XCExXpqazXczTSve,6eUKZXaKkcviH0Ku9w2n3V,÷ (Deluxe),2017
46,47,Magnolia,Playboi Carti,78,7212307,"['atl hip hop', 'plugg', 'pluggnb', 'rap']",0.791,0.582,11,-7.323,0,0.286,0.0,0.35,0.443,162.991,181812,4,True,1e1JKLEDKP7hEQzJfNAgPl,699OTQXzgjhIYAHMy9RyPD,Playboi Carti,2017
47,48,Bank Account,21 Savage,78,12085209,"['atl hip hop', 'rap']",0.884,0.347,8,-8.227,0,0.35,7e-06,0.0871,0.376,75.016,220307,4,True,5eqK0tbzUPo2SoeZsov04s,1URnnhqYAYcrqrcwql10ft,Issa Album,2017
48,49,Him & I (with Halsey),G-Eazy,78,5111268,"['indie pop rap', 'oakland hip hop', 'pop', 'pop rap', 'rap']",0.589,0.731,2,-6.343,1,0.0868,0.0,0.308,0.191,87.908,268867,4,True,5k38wzpLb15YgncyWdTZE4,02kJSzxNuaWGqwubyUba0Z,The Beautiful & Damned,2017
49,50,Without You (feat. Sandro Cavazza),Avicii,77,22270264,"['dance pop', 'edm', 'pop', 'pop dance', 'pop rap']",0.662,0.858,2,-4.844,1,0.0428,0.0,0.0456,0.295,133.993,181673,4,True,6Pgkp4qUoTmJIPn7ReaGxL,1vCWHaC5f2uS3yhpwWbIA6,AVĪCI (01),2017
50,51,Location,Khalid,77,15631794,"['pop', 'pop r&b']",0.736,0.449,1,-11.462,0,0.425,0.000162,0.0898,0.326,80.126,219080,4,False,152lZdxL1OR0ZMW6KquMif,6LuN9FCkKOj5PcnpouEgny,American Teen,2017
51,52,Castle on the Hill,Ed Sheeran,78,105408325,"['pop', 'uk pop']",0.461,0.834,2,-4.868,1,0.0989,1.14e-05,0.14,0.471,135.007,261154,4,False,6PCUP3dWmTjcTtXY02oFdT,6eUKZXaKkcviH0Ku9w2n3V,÷ (Deluxe),2017
52,53,Scared to Be Lonely,Martin Garrix,77,15655212,"['dance pop', 'dutch edm', 'edm', 'electro house', 'pop', 'pop dance', 'progressive house', 'tropical house']",0.584,0.54,1,-7.786,0,0.0576,0.0,0.261,0.195,137.972,220883,4,False,3ebXMykcMXOcLeJ9xZ17XH,60d24wfXkVzDSfLS6hyCjZ,Scared to Be Lonely,2017
53,54,"Feels (feat. Pharrell Williams, Katy Perry & Big Sean)",Calvin Harris,77,22979797,"['dance pop', 'edm', 'electro house', 'house', 'pop', 'progressive house', 'uk dance']",0.893,0.745,11,-3.105,0,0.0571,0.0,0.0943,0.872,101.018,223413,4,True,5bcTCxgc7xVfSaMV3RuVke,7CajNmpbOovFoOoasH2HaY,Funk Wav Bounces Vol.1,2017
54,55,Chill Bill (feat. J. Davi$ & Spooks),Rob $tone,77,241659,['san diego rap'],0.886,0.427,6,-10.028,1,0.145,0.00099,0.0906,0.23,108.034,177184,4,True,5uDASfU19gDxSjW8cnCaBp,2hWs22BmQkK4czFtDLnar2,Chill Bill (feat. J. Davi$ & Spooks),2017
55,56,1-800-273-8255,Logic,76,5811715,"['conscious hip hop', 'dmv rap', 'hip hop', 'pop rap', 'rap']",0.62,0.574,5,-7.788,0,0.0479,0.0,0.19,0.357,100.023,250173,4,True,5tz69p7tJuGPeMGwNTxYuV,4xRYI6VqpkE3UwrDrAZL8L,Everybody,2017
56,57,Love Galore (feat. Travis Scott),SZA,76,8766574,"['pop', 'r&b', 'rap']",0.795,0.594,0,-6.2,1,0.0748,0.0,0.162,0.409,135.002,275080,4,True,0q75NwOoFiARAVp4EXU4Bs,7tYKF4w9nC0nq9CsPZTHyP,Ctrl,2017
57,58,Feel It Still,Portugal. The Man,76,1335714,"['modern alternative rock', 'modern rock', 'rock']",0.801,0.795,1,-5.115,0,0.0504,0.000113,0.0717,0.754,79.028,163253,4,False,6QgjcU0zLnzq5OrUoSZ3OK,4kI8Ie27vjvonwaB2ePh8T,Woodstock,2017
58,59,Dusk Till Dawn (feat. Sia) - Radio Edit,ZAYN,76,21583184,"['dance pop', 'pop', 'post-teen pop', 'uk pop']",0.259,0.437,11,-6.589,0,0.0386,1.32e-06,0.106,0.0951,180.042,239000,4,False,1j4kHkkpqZRBwE0A4CN4Yv,5ZsFI1h6hIdQRw2ti0hz81,Dusk Till Dawn (feat. Sia) [Radio Edit],2017
59,60,"Let Me Go (with Alesso, Florida Georgia Line & watt)",Hailee Steinfeld,76,8210164,"['dance pop', 'pop', 'post-teen pop']",0.664,0.708,8,-4.154,1,0.0474,0.0,0.0841,0.742,103.07,174800,4,False,5Gu0PDLN4YJeW75PpBSg9p,5p7f24Rk5HkUZsaS3BLG5F,"Let Me Go (with Alesso, Florida Georgia Line & watt)",2017
60,61,Swang,Rae Sremmurd,75,6980612,"['hip hop', 'melodic rap', 'mississippi hip hop', 'pop rap', 'rap', 'southern hip hop', 'trap']",0.681,0.314,8,-9.319,1,0.0581,9.82e-06,0.1,0.166,139.992,208120,4,True,6mapJIPnQ23RTAevUoE0DL,7iZtZyCzp3LItcw1wtPI3D,SremmLife 2 (Deluxe),2017
61,62,Bad and Boujee (feat. Lil Uzi Vert),Migos,75,12730142,"['atl hip hop', 'hip hop', 'pop rap', 'rap', 'trap']",0.926,0.666,11,-5.314,1,0.244,0.0,0.123,0.168,127.079,343150,4,True,0M9ydKzuF3oZTfYYPfaGX1,6oMuImdp5ZcFhWP0ESe6mG,Culture,2017
62,63,...Ready For It?,Taylor Swift,75,62687649,['pop'],0.613,0.764,2,-6.509,1,0.136,0.0,0.197,0.417,160.015,208187,4,False,2yLa0QULdQr0qAIvVwN6B5,06HL4z0CvFAxyc27GXpf02,reputation,2017
63,64,Too Good At Goodbyes,Sam Smith,75,20816519,"['dance pop', 'pop', 'uk pop']",0.681,0.372,5,-8.237,1,0.0432,0.0,0.169,0.476,91.873,201000,4,False,3VlbOrM6nYPprVvzBZllE5,2wY79sveU1sp5g7SokKOiI,The Thrill Of It All (Special Edition),2017
64,65,Stay,Zedd,75,5844359,"['complextro', 'dance pop', 'edm', 'electro house', 'electropop', 'german techno', 'pop', 'pop dance', 'pop rap', 'post-teen pop', 'tropical house']",0.69,0.622,5,-5.025,0,0.0622,0.0,0.116,0.544,102.04,210091,4,False,6uBhi9gBXWjanegOb2Phh0,2qxJFvFYMEDqd7ui6kSAcq,Stay,2017
65,66,Symphony (feat. Zara Larsson),Clean Bandit,75,4981043,"['dance pop', 'edm', 'pop', 'pop dance', 'post-teen pop', 'tropical house', 'uk dance', 'uk funky']",0.715,0.605,0,-5.128,0,0.0428,1.41e-05,0.189,0.454,122.956,212733,4,False,72gv4zhNvRVdQA0eOenCal,6MDME20pz9RveH9rEXvrOM,What Is Love? (Deluxe Edition),2017
66,67,Save That Shit,Lil Peep,75,9216705,"['emo rap', 'lgbtq+ hip hop']",0.534,0.583,2,-8.672,1,0.0288,0.0,0.421,0.145,106.0,231547,4,True,64PgpLHuQK3UJ5qZ875Vei,2kCcBybjl3SAtIcwdWpUe3,"Come Over When You're Sober, Pt. 1",2017
67,68,Sorry Not Sorry,Demi Lovato,75,23638827,"['dance pop', 'pop', 'post-teen pop']",0.706,0.643,11,-6.929,0,0.234,0.0,0.262,0.885,143.931,203760,4,True,0yvPEnB032fojLfVluFjUv,6S2OmqARrzebs0tKUEyXyp,Tell Me You Love Me,2017
68,69,Losin Control,Russ,75,4601186,"['hawaiian hip hop', 'rap']",0.759,0.245,6,-6.545,1,0.138,0.000154,0.102,0.209,96.992,237507,4,True,4cxMGhkinTocPSVVKWIw0d,1z7b1Pr1rSlvWRzsW3HOrS,There's Really A Wolf,2017
69,70,Black Beatles,Rae Sremmurd,75,6980612,"['hip hop', 'melodic rap', 'mississippi hip hop', 'pop rap', 'rap', 'southern hip hop', 'trap']",0.794,0.632,0,-6.163,1,0.0649,0.0,0.128,0.355,145.926,291893,4,True,6fujklziTHa8uoM5OQSfIo,7iZtZyCzp3LItcw1wtPI3D,SremmLife 2 (Deluxe),2017
70,71,Swalla (feat. Nicki Minaj & Ty Dolla $ign),Jason Derulo,75,11613000,"['dance pop', 'edm', 'pop', 'pop rap', 'post-teen pop']",0.696,0.817,1,-3.862,1,0.109,0.0,0.187,0.782,98.064,216409,4,True,6kex4EBAj0WHXDKZMEJaaF,07YZf4WDAMNwqr4jfgOZ8y,Swalla (feat. Nicki Minaj & Ty Dolla $ign),2017
71,72,Slow Hands,Niall Horan,75,8970485,"['dance pop', 'pop', 'post-teen pop']",0.735,0.425,0,-6.648,1,0.0464,0.0,0.055,0.848,85.896,188174,4,False,2cOUlop2ZakjOKe4WinesN,1Hsdzj7Dlq2I7tHP7501T4,Flicker (Deluxe),2017
72,73,Criminal,Natti Natasha,75,8622318,"['latin hip hop', 'latin pop', 'rap latina', 'reggaeton', 'trap latino']",0.814,0.813,2,-3.023,0,0.0561,9.33e-05,0.255,0.839,79.997,232550,4,False,6Za3190Sbw39BBC77WSS1C,1GDbiv3spRmZ1XdM1jQbT7,Criminal,2017
73,74,Liability,Lorde,74,9884750,"['art pop', 'metropopolis', 'nz pop', 'pop']",0.587,0.229,10,-11.254,0,0.128,0.0,0.1,0.379,75.67,171728,4,False,6Kkt27YmFyIFrcX3QXFi2o,163tK9Wjr9P9DmM0AVK7lm,Melodrama,2017
74,75,Malibu,Miley Cyrus,74,19026175,"['dance pop', 'pop', 'post-teen pop']",0.573,0.781,8,-6.406,1,0.0555,2.64e-05,0.0813,0.343,139.934,231907,4,False,1UZOjK1BwmwWU14Erba9CZ,5YGY8feqx7naU7z4HrwZM6,Younger Now,2017
75,76,Issues,Julia Michaels,74,4641556,"['alt z', 'dance pop', 'electropop', 'pop', 'post-teen pop']",0.728,0.415,8,-6.852,1,0.0639,0.0,0.0616,0.455,114.145,176320,4,False,7vu0JkJh0ldukEYbTVcqd0,0ZED1XzwlLHW4ZaG4lOT6m,Nervous System,2017
76,77,What About Us,P!nk,74,14075413,"['dance pop', 'pop']",0.491,0.588,1,-6.177,1,0.0506,2.01e-06,0.0906,0.193,113.608,269600,4,False,0Qh38w01QRXK6KHIv0e3hb,1KCSPY1glIKqW2TotWuXOR,Beautiful Trauma,2017
77,78,Paris,The Chainsmokers,74,19672668,"['dance pop', 'edm', 'electropop', 'pop', 'pop dance', 'tropical house']",0.653,0.658,2,-6.428,1,0.0304,1.66e-06,0.0939,0.219,99.99,221507,4,False,72jbDTw1piOOj770jWNeaG,69GGBxA162lTqCwzJG5jLp,Memories...Do Not Open,2017
78,79,Glorious (feat. Skylar Grey),Macklemore,74,1954342,"['pop rap', 'seattle hip hop']",0.731,0.794,0,-5.126,0,0.0522,2.59e-05,0.112,0.356,139.994,220454,4,True,0CokSRCu5hZgPxcZBaEzVE,3JhNCzhSMTxs9WLGJJxWOY,GEMINI,2017
79,80,Plain Jane,A$AP Ferg,74,3404144,"['gangster rap', 'hip hop', 'pop rap', 'rap', 'southern hip hop', 'trap', 'underground hip hop']",0.797,0.844,11,-5.482,1,0.275,0.0,0.087,0.52,170.142,173600,4,True,4dVpf9jZjcORqGTLUaeYj9,5dHt1vcEm9qb8fCyLcB3HL,Still Striving,2017
80,81,Fake Love,Drake,73,69088297,"['canadian hip hop', 'canadian pop', 'hip hop', 'rap', 'toronto rap']",0.928,0.481,9,-9.35,0,0.287,0.0,0.176,0.613,134.007,210937,4,True,343YBumqHu19cGoGARUTsd,3TVXtAsR1Inumwj472S9r4,More Life,2017
81,82,Scars To Your Beautiful,Alessia Cara,73,10874826,"['canadian contemporary r&b', 'canadian pop', 'dance pop', 'pop', 'post-teen pop']",0.319,0.739,0,-5.74,1,0.272,0.0,0.111,0.449,194.169,230227,4,False,42ydLwx4i5V49RXHOozJZq,2wUjUUtkb5lvLKcGKsKqsR,Know-It-All (Deluxe),2017
82,83,Caroline,Aminé,73,1818069,"['hip hop', 'pop', 'portland hip hop', 'rap']",0.94,0.335,5,-10.179,0,0.505,0.0,0.262,0.707,120.04,209640,4,True,5hTpBe8h35rJ67eAWHQsJx,3Gm5F95VdRxW3mqCn8RPBJ,Good For You,2017
83,84,Sky Walker (feat. Travis Scott),Miguel,73,4285356,"['dance pop', 'hip hop', 'pop', 'r&b', 'urban contemporary']",0.674,0.506,6,-10.532,1,0.0434,0.0,0.0866,0.183,145.965,259333,4,True,5WoaF1B5XIEnWfmb5NZikf,360IAlyVv4PCEVjgyMZrxK,War & Leisure,2017
84,85,Mi Gente,J Balvin,72,35863330,"['reggaeton', 'reggaeton colombiano', 'trap latino']",0.548,0.704,11,-4.838,0,0.0777,2.25e-05,0.143,0.288,104.666,185040,4,False,7COfe3P7KgfwDwIRB8LIDw,1vyhD5VmyZ7KMfW5gqLgo5,Vibras,2017
85,86,do re mi,blackbear,72,4805205,"['pop', 'pop rap']",0.745,0.593,8,-6.35,1,0.0524,5.06e-06,0.123,0.17,111.001,212027,3,True,6Se3x9ANMLv0dCDsjGmEjh,2cFrymmkijnjDg9SS92EPM,digital druglord,2017
86,87,Tunnel Vision,Kodak Black,72,8698377,"['florida rap', 'hip hop', 'melodic rap', 'miami hip hop', 'rap', 'trap']",0.497,0.489,11,-7.724,0,0.294,9.91e-05,0.122,0.231,171.853,268187,4,True,4Q3N4Ct4zCuIHuZ65E3BD4,46SHBwWsqBkxI7EeeBEQG7,Painting Pictures,2017
87,88,Green Light,Lorde,72,9884750,"['art pop', 'metropopolis', 'nz pop', 'pop']",0.594,0.721,2,-7.812,1,0.0957,8.55e-06,0.0879,0.253,128.942,234653,4,False,6ie2Bw3xLj2JcGowOlcMhb,163tK9Wjr9P9DmM0AVK7lm,Melodrama,2017
88,89,Bodak Yellow,Cardi B,71,20686569,"['dance pop', 'pop', 'rap']",0.926,0.703,11,-6.337,0,0.103,0.0,0.231,0.485,125.022,223713,4,True,6KBYefIoo7KydImq1uUQlL,4kYSro6naA4h99UJvo89HB,Invasion of Privacy,2017
89,90,Slide (feat. Frank Ocean & Migos),Calvin Harris,71,22979797,"['dance pop', 'edm', 'electro house', 'house', 'pop', 'progressive house', 'uk dance']",0.736,0.795,1,-3.299,0,0.0545,1.21e-06,0.254,0.511,104.066,230813,4,True,6gpcs5eMhJwax4mIfKDYQk,7CajNmpbOovFoOoasH2HaY,Slide (feat. Frank Ocean & Migos),2017
90,91,ELEMENT.,Kendrick Lamar,71,22059978,"['conscious hip hop', 'hip hop', 'rap', 'west coast rap']",0.748,0.705,4,-4.547,0,0.485,0.0,0.246,0.483,189.891,208733,4,True,1EaKU4dMbesXXd3BrLCtYG,2YZyLoL8N0Wb9xBt1NhZWg,DAMN.,2017
91,92,iSpy (feat. Lil Yachty),KYLE,71,1024000,"['pop', 'pop rap', 'rap', 'viral rap']",0.746,0.653,7,-6.745,1,0.289,0.0,0.229,0.672,75.016,253107,4,True,2EEeOnHehOozLq4aS0n6SL,4qBgvVog0wzW75IQ48mU7v,iSpy (feat. Lil Yachty),2017
92,93,All Night,The Vamps,71,5442997,"['boy band', 'dance pop', 'pop', 'post-teen pop']",0.538,0.804,8,-5.194,1,0.0358,0.0,0.33,0.507,144.992,197640,4,False,0dXNQ8dckG4eYfEtq9zcva,7gAppWoH7pcYmphCVTXkzs,Night & Day (Night Edition),2017
93,94,Fetish (feat. Gucci Mane),Selena Gomez,71,38574820,"['dance pop', 'pop', 'post-teen pop']",0.708,0.618,2,-4.424,1,0.0592,6.81e-06,0.062,0.265,123.013,186113,4,False,4lnAN2S1fcI0SjxEbksZVr,0C8ZW7ezQVs4URX5aX7Kqx,Fetish (feat. Gucci Mane),2017
94,95,Lust For Life (with The Weeknd),Lana Del Rey,71,18859203,"['art pop', 'pop']",0.504,0.655,0,-8.644,0,0.0542,0.00193,0.364,0.262,99.982,264066,4,False,0mt02gJ425Xjm7c3jYkOBn,00FQb4jTyendYWaN8pK0wa,Lust For Life,2017
95,96,Slippery (feat. Gucci Mane),Migos,71,12730142,"['atl hip hop', 'hip hop', 'pop rap', 'rap', 'trap']",0.92,0.675,1,-5.661,0,0.263,0.0,0.104,0.749,141.967,304041,4,True,0TBgMKD86t1VP3IzhxCoUl,6oMuImdp5ZcFhWP0ESe6mG,Culture,2017
96,97,Most Girls,Hailee Steinfeld,71,8210164,"['dance pop', 'pop', 'post-teen pop']",0.756,0.572,9,-7.019,1,0.0763,0.0,0.0853,0.417,102.986,204400,4,False,10GJQkjRJcZhGTLagFOC62,5p7f24Rk5HkUZsaS3BLG5F,Most Girls,2017
97,98,No Limit,G-Eazy,70,5111268,"['indie pop rap', 'oakland hip hop', 'pop', 'pop rap', 'rap']",0.838,0.771,1,-3.791,1,0.244,0.0,0.0853,0.405,175.957,245387,4,True,2DQ1ITjI0YoLFzuADN1ZBW,02kJSzxNuaWGqwubyUba0Z,The Beautiful & Damned,2017
98,99,Sit Next to Me,Foster The People,70,3560131,"['indietronica', 'modern rock', 'rock']",0.638,0.738,6,-4.976,0,0.0292,0.000384,0.689,0.657,97.021,243147,4,False,4BdGO1CaObRD4La9l5Zanz,7gP3bB2nilZXLfPHJhMdvc,Sacred Hearts Club,2017
99,100,Lonely Together (feat. Rita Ora),Avicii,70,22270264,"['dance pop', 'edm', 'pop', 'pop dance', 'pop rap']",0.655,0.666,5,-5.309,1,0.0612,2.12e-05,0.0683,0.272,102.977,181812,4,False,75NhhYjHO43mvZgYtnXgti,1vCWHaC5f2uS3yhpwWbIA6,AVĪCI (01),2017
100,1,God's Plan,Drake,83,69088297,"['canadian hip hop', 'canadian pop', 'hip hop', 'rap', 'toronto rap']",0.754,0.449,7,-9.211,1,0.109,8.29e-05,0.552,0.357,77.169,198973,4,True,6DCZcSspjsKoFjzjrWoCdn,3TVXtAsR1Inumwj472S9r4,Scorpion,2018
101,2,rockstar (feat. 21 Savage),Post Malone,84,38849587,"['dfw rap', 'melodic rap', 'rap']",0.585,0.52,5,-6.136,0,0.0712,7.01e-05,0.131,0.129,159.801,218147,4,True,0e7ipj03S05BNilyu5bRzt,246dkjvS1zLTtiykXe5h60,beerbongs & bentleys,2018
102,3,lovely (with Khalid),Billie Eilish,88,72283522,"['art pop', 'electropop', 'pop']",0.351,0.296,4,-10.109,0,0.0333,0.0,0.095,0.12,115.284,200186,4,False,0u2P5u6lvoDfwTYjAADbn4,6qqNVTkY8uBg9cP3Jd7DAH,lovely (with Khalid),2018
103,4,Call Out My Name,The Weeknd,88,53005100,"['canadian contemporary r&b', 'canadian pop', 'pop']",0.461,0.593,1,-4.954,1,0.0356,0.0,0.307,0.175,134.17,228373,3,False,09mEdoA6zrmBPgTEN5qXmN,1Xyo4u8uXC1ZmMpatF05PJ,"My Dear Melancholy,",2018
104,5,One Kiss (with Dua Lipa),Calvin Harris,87,22979797,"['dance pop', 'edm', 'electro house', 'house', 'pop', 'progressive house', 'uk dance']",0.791,0.862,9,-3.24,0,0.11,2.19e-05,0.0814,0.592,123.994,214847,4,False,7ef4DlsgrMEH11cDZd32M6,7CajNmpbOovFoOoasH2HaY,One Kiss (with Dua Lipa),2018
105,6,Lucid Dreams,Juice WRLD,84,26534268,"['chicago rap', 'melodic rap']",0.511,0.566,6,-7.23,0,0.2,0.0,0.34,0.218,83.903,239836,4,True,285pBltuF7vW8TeWk8hdRR,4MCBfE4596Uoi2O4DtmEMz,Goodbye & Good Riddance,2018
106,7,The Middle,Zedd,79,5844359,"['complextro', 'dance pop', 'edm', 'electro house', 'electropop', 'german techno', 'pop', 'pop dance', 'pop rap', 'post-teen pop', 'tropical house']",0.753,0.657,7,-3.061,1,0.0449,0.0,0.112,0.437,107.01,184732,4,False,09IStsImFySgyp0pIQdqAc,2qxJFvFYMEDqd7ui6kSAcq,The Middle,2018
107,8,FRIENDS,Marshmello,78,34557398,"['brostep', 'dance pop', 'edm', 'pop', 'pop dance', 'progressive electro house']",0.626,0.88,9,-2.384,0,0.0504,0.0,0.128,0.534,95.079,202621,4,True,08bNPGLD8AhKpnnERrAc6G,64KEffDW9EtZ1y2vBYgq8T,FRIENDS,2018
108,9,I Like It,Cardi B,78,20686569,"['dance pop', 'pop', 'rap']",0.816,0.726,5,-3.998,0,0.129,0.0,0.372,0.65,136.048,253390,4,True,58q2HKrzhC3ozto2nDdN4z,4kYSro6naA4h99UJvo89HB,Invasion of Privacy,2018
109,10,we fell in love in october,girl in red,85,5515168,"['bedroom pop', 'indie pop', 'norwegian indie', 'pop']",0.566,0.366,7,-12.808,1,0.028,0.181,0.155,0.237,129.96,184154,4,False,6IPwKM3fUUzlElbvKw2sKl,3uwAm6vQy7kWPS2bciKWx9,we fell in love in october / October Passed Me By,2018
110,11,no tears left to cry,Ariana Grande,77,85119135,"['dance pop', 'pop']",0.699,0.713,9,-5.507,0,0.0594,3.11e-06,0.294,0.354,121.993,205920,4,False,2qT1uLXPVPzGgFOx4jtEuo,66CXWjxzNUsdJxJ2JdwvnR,Sweetener,2018
111,12,All The Stars (with SZA),Kendrick Lamar,83,22059978,"['conscious hip hop', 'hip hop', 'rap', 'west coast rap']",0.698,0.633,8,-4.946,1,0.0597,0.000194,0.0926,0.552,96.924,232187,4,True,3GCdLUSnKSMJhs4Tj6CV3s,2YZyLoL8N0Wb9xBt1NhZWg,Black Panther The Album Music From And Inspired By,2018
112,13,SAD!,XXXTENTACION,82,39086063,"['emo rap', 'miami hip hop']",0.74,0.613,8,-4.88,1,0.145,0.00372,0.123,0.473,75.023,166606,4,True,3ee8Jmje8o58CHK66QrVC2,15UsOTVnJzReFVN1VCnxy4,?,2018
113,14,Yes Indeed,Lil Baby,82,12171480,"['atl hip hop', 'atl trap', 'rap', 'trap']",0.963,0.346,5,-9.309,0,0.53,0.0,0.108,0.562,119.957,142273,4,True,6vN77lE9LK6HP2DewaN6HZ,5f7VJjfbwm532GiveGC0ZK,Harder Than Ever,2018
114,15,Ric Flair Drip (with Metro Boomin),21 Savage,82,2517267,"['atl hip hop', 'hip hop', 'pop rap', 'rap', 'southern hip hop', 'trap']",0.88,0.428,9,-8.28,1,0.206,5.05e-05,0.114,0.333,100.007,172800,4,True,7sO5G9EABYOXQKNPNiE9NR,4DdkRBBYG6Yk9Ka8tdJ9BW,Without Warning,2018
115,16,Happier,Marshmello,82,34557398,"['brostep', 'dance pop', 'edm', 'pop', 'pop dance', 'progressive electro house']",0.687,0.792,5,-2.749,1,0.0452,0.0,0.167,0.671,100.015,214290,4,False,2dpaYNEQHiRxtZbfNsse99,64KEffDW9EtZ1y2vBYgq8T,Happier,2018
116,17,SICKO MODE,Travis Scott,82,21399433,"['rap', 'slap house']",0.834,0.73,8,-3.714,1,0.222,0.0,0.124,0.446,155.008,312820,4,True,2xLMifQCjDGFmkHkpNLD9h,0Y5tJX1MQlPlqiwlOH1tJY,ASTROWORLD,2018
117,18,LOVE. FEAT. ZACARI.,Kendrick Lamar,82,22059978,"['conscious hip hop', 'hip hop', 'rap', 'west coast rap']",0.8,0.585,10,-7.343,1,0.0924,0.0,0.153,0.779,126.058,213400,4,True,6PGoSes0D9eUDeeAafB2As,2YZyLoL8N0Wb9xBt1NhZWg,DAMN.,2018
118,19,Moonlight,XXXTENTACION,82,39086063,"['emo rap', 'miami hip hop']",0.921,0.537,9,-5.723,0,0.0804,0.00404,0.102,0.711,128.009,135090,4,True,0JP9xo3adEtGSdUEISiszL,15UsOTVnJzReFVN1VCnxy4,?,2018
119,20,2002,Anne-Marie,81,10264697,"['dance pop', 'pop', 'pop dance', 'post-teen pop', 'tropical house', 'uk pop']",0.697,0.683,1,-2.881,0,0.117,0.0,0.137,0.603,96.133,186987,4,False,2BgEsaKNfHUdlh97KmvFyo,1zNqDE7qDGCsyzJwohVaoX,Speak Your Mind (Deluxe),2018
120,21,Natural,Imagine Dragons,81,43537945,"['modern rock', 'rock']",0.704,0.611,2,-6.112,1,0.0409,0.0,0.0812,0.22,100.0,189467,4,False,2FY7b99s15jUprqC0M5NCT,53XhwfbYqKCa1cC15pYq2q,Origins (Deluxe),2018
121,22,Better Now,Post Malone,80,38849587,"['dfw rap', 'melodic rap', 'rap']",0.68,0.578,10,-5.804,1,0.04,0.0,0.135,0.341,145.038,231267,4,True,7dt6x5M1jzdTEt8oCbisTK,246dkjvS1zLTtiykXe5h60,beerbongs & bentleys,2018
122,23,Silence,Marshmello,81,34557398,"['brostep', 'dance pop', 'edm', 'pop', 'pop dance', 'progressive electro house']",0.52,0.761,4,-3.093,1,0.0853,4.96e-06,0.17,0.286,141.971,180823,4,False,7vGuf3Y35N4wmASOKLUVVU,64KEffDW9EtZ1y2vBYgq8T,Silence,2018
123,24,Let You Down,NF,80,7651961,"['hip hop', 'pop rap', 'rap']",0.662,0.714,5,-5.68,0,0.121,0.0,0.179,0.464,147.997,212120,4,False,52okn5MNA47tk87PeZJLEL,6fOMl44jA4Sp5b9PpYCkzz,Perception,2018
124,25,I Like Me Better,Lauv,79,5393706,['pop'],0.753,0.505,9,-7.621,1,0.255,2.58e-06,0.104,0.419,91.972,197437,4,False,0EcQcdcbQeVJn9fknj44Be,5JZ7CnR6gTvEMKX4g70Amv,I met you when I was 18. (the playlist),2018
125,26,Wolves,Selena Gomez,79,38574820,"['dance pop', 'pop', 'post-teen pop']",0.724,0.804,11,-4.614,0,0.0448,0.0,0.204,0.306,124.987,197993,4,False,0tBbt8CrmxbjRP0pueQkyU,0C8ZW7ezQVs4URX5aX7Kqx,Wolves,2018
126,27,Be Alright,Dean Lewis,79,2299566,"['australian pop', 'pop']",0.553,0.586,11,-6.319,1,0.0362,0.0,0.0813,0.443,126.684,196373,4,True,3EPXxR3ImUwfayaurPi3cm,3QSQFmccmX81fWCUSPTS7y,Be Alright,2018
127,28,changes,XXXTENTACION,79,39086063,"['emo rap', 'miami hip hop']",0.669,0.308,11,-10.068,1,0.029,0.0,0.0984,0.52,64.934,121887,4,False,7AFASza1mXqntmGtbxXprO,15UsOTVnJzReFVN1VCnxy4,?,2018
128,29,IDGAF,Dua Lipa,79,37329937,"['dance pop', 'pop', 'uk pop']",0.836,0.544,7,-5.975,1,0.0943,0.0,0.0824,0.51,97.028,217947,4,True,76cy1WJvNGJTj78UqeA5zr,6M2wZ9GZgrQXHCFfjv46we,Dua Lipa (Deluxe),2018
129,30,God is a woman,Ariana Grande,79,85119135,"['dance pop', 'pop']",0.602,0.658,1,-5.934,1,0.0558,6e-05,0.237,0.268,145.031,197547,4,True,5OCJzvD7sykQEKHH7qAC3C,66CXWjxzNUsdJxJ2JdwvnR,Sweetener,2018
130,31,Delicate,Taylor Swift,78,62687649,['pop'],0.75,0.404,9,-10.178,0,0.0682,0.000357,0.0911,0.0499,95.045,232253,4,False,6NFyWDv5CjfwuzoCkw47Xf,06HL4z0CvFAxyc27GXpf02,reputation,2018
131,32,Nonstop,Drake,78,69088297,"['canadian hip hop', 'canadian pop', 'hip hop', 'rap', 'toronto rap']",0.912,0.412,7,-8.074,1,0.123,0.0126,0.104,0.423,154.983,238614,4,True,0TlLq3lA83rQOYtrqBqSct,3TVXtAsR1Inumwj472S9r4,Scorpion,2018
132,33,In My Mind,Dynoro,78,248129,"['edm', 'electro house', 'pop dance', 'tropical house']",0.694,0.77,6,-5.335,1,0.149,1.1e-05,0.118,0.163,125.905,184560,4,False,0E9ZjEAyAwOXZ7wJC0PD33,3v6Ji4uoWtKRkhuDUaxi9n,In My Mind,2018
133,34,Him & I (with Halsey),G-Eazy,78,5111268,"['indie pop rap', 'oakland hip hop', 'pop', 'pop rap', 'rap']",0.589,0.731,2,-6.343,1,0.0868,0.0,0.308,0.191,87.908,268867,4,True,5k38wzpLb15YgncyWdTZE4,02kJSzxNuaWGqwubyUba0Z,The Beautiful & Damned,2018
134,35,Stir Fry,Migos,77,12730142,"['atl hip hop', 'hip hop', 'pop rap', 'rap', 'trap']",0.817,0.816,2,-5.402,1,0.269,0.0,0.159,0.508,181.982,190288,4,True,2UVbBKQOdFAekPTRsnkzcf,6oMuImdp5ZcFhWP0ESe6mG,Culture II,2018
135,36,Mo Bamba,Sheck Wes,77,1349633,"['rap', 'trap', 'vapor trap', 'viral rap']",0.729,0.625,4,-5.266,1,0.0315,0.00986,0.248,0.261,146.034,183907,4,True,1xzBco0xcoJEDXktl7Jxrr,2RDOrhPqAM4jzTRCEb19qX,MUDBOY,2018
136,37,Te Boté - Remix,Nio Garcia,77,3987625,"['latin hip hop', 'reggaeton', 'trap latino']",0.903,0.675,11,-3.445,0,0.214,1.28e-05,0.0595,0.442,96.507,417920,4,True,3V8UKqhEK5zBkBb6d6ub8i,5hdhHgpxyniooUiQVaPxQ0,Te Boté (Remix),2018
137,38,Psycho (feat. Ty Dolla $ign),Post Malone,77,38849587,"['dfw rap', 'melodic rap', 'rap']",0.75,0.56,8,-8.094,1,0.105,0.0,0.111,0.459,140.06,221440,4,True,3swc6WTsr7rl9DqQKQA55C,246dkjvS1zLTtiykXe5h60,beerbongs & bentleys,2018
138,39,"1, 2, 3 (feat. Jason Derulo & De La Ghetto)",Sofía Reyes,76,2741531,"['dance pop', 'latin pop', 'mexican pop']",0.792,0.895,1,-3.112,0,0.0589,0.0,0.0501,0.794,94.968,201526,4,False,4QtiVmuA88tPQiCOHZuQ5b,0haZhu4fFKt0Ag94kZDiz2,"1, 2, 3 (feat. Jason Derulo & De La Ghetto)",2018
139,40,Walk It Talk It,Migos,77,12730142,"['atl hip hop', 'hip hop', 'pop rap', 'rap', 'trap']",0.907,0.633,2,-5.145,1,0.184,2.6e-06,0.106,0.395,145.914,276147,4,True,6n4U3TlzUGhdSFbUUhTvLP,6oMuImdp5ZcFhWP0ESe6mG,Culture II,2018
140,41,Nice For What,Drake,77,69088297,"['canadian hip hop', 'canadian pop', 'hip hop', 'rap', 'toronto rap']",0.585,0.909,8,-6.474,1,0.0707,9.7e-05,0.119,0.758,93.372,210747,4,True,3CA9pLiwRIGtUBiMjbZmRw,3TVXtAsR1Inumwj472S9r4,Scorpion,2018
141,42,Shotgun,George Ezra,76,3848597,"['folk-pop', 'neo-singer-songwriter']",0.673,0.735,5,-4.733,1,0.0457,0.0,0.242,0.754,115.744,201287,4,False,4ofwffwvvnbSkrMSCKQDaC,2ysnwxxNtSgbb9t1m2Ur4j,Staying at Tamara's,2018
142,43,"Let Me Go (with Alesso, Florida Georgia Line & watt)",Hailee Steinfeld,76,8210164,"['dance pop', 'pop', 'post-teen pop']",0.664,0.708,8,-4.154,1,0.0474,0.0,0.0841,0.742,103.07,174800,4,False,5Gu0PDLN4YJeW75PpBSg9p,5p7f24Rk5HkUZsaS3BLG5F,"Let Me Go (with Alesso, Florida Georgia Line & watt)",2018
143,44,"Taki Taki (with Selena Gomez, Ozuna & Cardi B)",DJ Snake,75,8211577,"['dance pop', 'edm', 'electronic trap', 'pop', 'pop dance', 'pop rap']",0.842,0.801,8,-4.167,0,0.228,4.82e-06,0.0642,0.617,95.881,212500,4,True,4w8niZpiMy6qz1mntFA5uM,540vIaP2JwjQb9dm3aArA4,"Taki Taki (with Selena Gomez, Ozuna & Cardi B)",2018
144,45,Mine,Bazzi,74,5222955,"['dance pop', 'electropop', 'pop']",0.71,0.789,4,-3.874,1,0.0722,2.77e-06,0.451,0.717,142.929,131064,4,True,7uzmGiiJyRfuViKKK3lVmR,4GvEc3ANtPPjt1ZJllr5Zl,COSMIC,2018
145,46,In My Feelings,Drake,75,69088297,"['canadian hip hop', 'canadian pop', 'hip hop', 'rap', 'toronto rap']",0.835,0.626,1,-5.833,1,0.125,6e-05,0.396,0.35,91.03,217925,4,True,2G7V7zsVDxg1yRsu7Ew9RJ,3TVXtAsR1Inumwj472S9r4,Scorpion,2018
146,47,Déjala Que Vuelva (feat. Manuel Turizo),Piso 21,74,8600627,"['colombian pop', 'latin pop', 'reggaeton', 'reggaeton colombiano', 'trap latino']",0.681,0.788,1,-4.323,1,0.0785,0.0,0.0753,0.839,170.019,220117,4,False,1j6xOGusnyXq3l6IryKF3G,4bw2Am3p9ji3mYsXNXtQcd,Ubuntu,2018
147,48,In My Blood,Shawn Mendes,74,39919244,"['canadian pop', 'dance pop', 'pop', 'viral pop']",0.622,0.712,5,-7.321,1,0.066,0.0,0.13,0.487,140.025,211360,4,False,2QZ7WLBE8h2y1Y5Fb8RYbH,7n2wHs1TKAczGzO7Dd2rGr,Shawn Mendes,2018
148,49,Body,Loud Luxury,74,581228,"['dance pop', 'edm', 'electro house', 'pop', 'pop dance', 'tropical house']",0.752,0.764,1,-4.399,1,0.038,9.44e-05,0.0543,0.582,121.958,163216,4,False,21RzyxY3EFaxVy6K4RqaU9,6t1gpxYbY8OlLA7D2RiikQ,Body,2018
149,50,Eastside (with Halsey & Khalid),benny blanco,74,1009450,"['dance pop', 'edm', 'electropop', 'pop', 'pop rap']",0.56,0.68,6,-7.648,0,0.321,0.0,0.116,0.319,89.391,173800,4,False,0d2iYfpKoM0QCKvcLCkBao,5CiGnKThu5ctn9pBxv7DGa,Eastside (with Halsey & Khalid),2018
150,51,Nevermind,Dennis Lloyd,74,619206,['israeli pop'],0.6,0.688,5,-8.339,0,0.201,1.29e-05,0.409,0.0793,99.977,156600,4,False,63SevszngYpZOwf63o61K4,3EOEK57CV77D4ovYVcmiyt,Nevermind,2018
151,52,Vaina Loca,Ozuna,74,34405132,"['puerto rican pop', 'reggaeton', 'trap latino']",0.754,0.805,6,-4.249,1,0.0752,0.0,0.203,0.555,93.982,176133,4,False,48zFZh27QU5qsrBjn4C2FA,1i8SpTcr7yvPOmcqrbnVXY,Aura,2018
152,53,It's Not Living (If It's Not With You),The 1975,74,5998822,"['modern alternative rock', 'modern rock', 'pop', 'rock']",0.618,0.837,1,-5.338,1,0.0304,0.000378,0.0618,0.526,121.227,248336,4,False,3TgMcrV32NUKjEG2ujn9eh,3mIj9lX2MWuHmhNCA7LSCW,A Brief Inquiry Into Online Relationships,2018
153,54,Look Alive (feat. Drake),BlocBoy JB,74,1381986,"['memphis hip hop', 'rap', 'southern hip hop', 'tennessee hip hop', 'trap', 'vapor trap', 'viral rap']",0.922,0.581,10,-7.495,1,0.27,5.86e-05,0.105,0.595,140.022,181263,4,True,4qKcDkK6siZ7Jp1Jb4m0aL,4TEJudQY2pXxVHPE3gD2EU,Look Alive (feat. Drake),2018
154,55,Meant to Be (feat. Florida Georgia Line),Bebe Rexha,74,7727059,"['dance pop', 'edm', 'pop', 'post-teen pop']",0.643,0.783,10,-6.458,1,0.0856,0.0,0.083,0.579,154.084,163870,4,False,7iDa6hUg2VgEL1o1HjmfBn,64M6ah0SkkRsnPGtGiRAbb,All Your Fault: Pt. 2,2018
155,56,Pray For Me (with Kendrick Lamar),Kendrick Lamar,73,53005100,"['canadian contemporary r&b', 'canadian pop', 'pop']",0.735,0.677,2,-4.979,1,0.093,2.17e-05,0.111,0.188,100.584,211440,4,True,77UjLW8j5UAGAGVGhR5oUK,1Xyo4u8uXC1ZmMpatF05PJ,Black Panther The Album Music From And Inspired By,2018
156,57,X,Nicky Jam,73,18077554,"['latin hip hop', 'reggaeton', 'trap latino']",0.594,0.749,9,-5.298,0,0.056,0.00106,0.3,0.694,179.968,172854,4,False,5YUyW9opqNsMSEzzecZih1,1SupJlEpv7RS2tPNRaHViT,Intimo,2018
157,58,Rewrite The Stars,Zac Efron,73,757745,"['hollywood', 'pop', 'post-teen pop', 'show tunes']",0.684,0.619,10,-7.005,1,0.0386,0.0,0.122,0.284,125.046,217440,4,False,630sXRhIcfwr2e4RdNtjKN,6U1dBXJhC8gXFjamvFTmHg,Rewrite The Stars,2018
158,59,Love Lies (with Normani),Khalid,73,15631794,"['pop', 'pop r&b']",0.708,0.648,6,-5.626,1,0.0449,0.0,0.134,0.338,143.955,201707,4,False,45Egmo7icyopuzJN0oMEdk,6LuN9FCkKOj5PcnpouEgny,Love Lies (with Normani),2018
159,60,Finesse - Remix; feat. Cardi B,Bruno Mars,73,44487480,"['dance pop', 'pop']",0.704,0.859,5,-4.877,0,0.0996,0.0,0.0215,0.926,105.115,217289,4,False,3Vo4wInECJQuz9BIBMOu8i,0du5cEVh5yTK9QJze8zA0C,Finesse (Remix) [feat. Cardi B],2018
160,61,Let's Fall in Love for the Night,FINNEAS,73,1765304,"['alt z', 'electropop', 'la indie', 'pop']",0.737,0.408,5,-7.941,1,0.104,0.0,0.171,0.374,127.918,190348,4,True,6I0KEvFfWszVJiCy5hum4V,37M5pPGs6V1fchFJSgCguX,Blood Harmony,2018
161,62,Trip,Ella Mai,73,4668236,"['dance pop', 'pop', 'post-teen pop', 'r&b', 'rap', 'uk contemporary r&b', 'urban contemporary']",0.477,0.61,11,-5.628,0,0.144,0.0,0.107,0.358,79.882,213993,4,False,6CTWathupIiDs7U4InHnDA,7HkdQ0gt53LP4zmHsL0nap,Ella Mai,2018
162,63,Bad At Love,Halsey,73,18834796,"['dance pop', 'electropop', 'etherpop', 'indie poptimism', 'pop']",0.675,0.751,0,-3.539,1,0.0296,0.0,0.0893,0.612,118.384,181279,4,False,7y9iMe8SOB6z3NoHE2OfXl,26VFTg2z8YR0cCuwLzESi2,hopeless fountain kingdom (Deluxe),2018
163,64,MotorSport,Migos,73,12730142,"['atl hip hop', 'hip hop', 'pop rap', 'rap', 'trap']",0.904,0.518,2,-5.32,1,0.183,0.0,0.325,0.188,137.996,303077,4,True,4wFjTWCunQFKtukqrNijEt,6oMuImdp5ZcFhWP0ESe6mG,Culture II,2018
164,65,River (feat. Ed Sheeran),Eminem,73,62047877,"['detroit hip hop', 'hip hop', 'rap']",0.748,0.749,8,-5.916,0,0.516,0.0,0.0713,0.659,90.09,221013,4,True,1cS0TgbR263ey9jn0MwD2s,7dGJo4pcD2V6oG8kP0tJRR,Revival,2018
165,66,"Home (with Machine Gun Kelly, X Ambassadors & Bebe Rexha)",Machine Gun Kelly,73,4874369,"['ohio hip hop', 'pop', 'pop rap']",0.653,0.718,3,-5.232,0,0.213,0.0,0.0537,0.216,82.034,202805,4,False,0OI7AFifLSoGzpb8bdBLLV,6TIYQ3jFPwQSRmorSezPxX,"Home (with Machine Gun Kelly, X Ambassadors & Bebe Rexha) [From Bright: The Album]",2018
166,67,How Long,Charlie Puth,73,18386191,"['dance pop', 'pop', 'viral pop']",0.845,0.561,1,-5.253,0,0.0778,3.49e-06,0.0383,0.811,109.974,200853,4,False,6wmAHw1szh5RCKSRjiXhPe,6VuMaDnrHyPL1p4EHjYLi7,Voicenotes,2018
167,68,Never Be the Same,Camila Cabello,73,28592183,"['dance pop', 'pop', 'post-teen pop']",0.637,0.713,0,-4.333,1,0.0747,0.000637,0.137,0.243,129.923,226973,4,False,4eWQlBRaTjPPUlzacqEeoQ,4nDoRrQiYLoBzwC5BhVJzF,Camila,2018
168,69,Spotlight,Marshmello,72,34557398,"['brostep', 'dance pop', 'edm', 'pop', 'pop dance', 'progressive electro house']",0.546,0.822,7,-4.483,1,0.151,0.0,0.742,0.615,150.06,177600,4,False,6VrCmhRBFnuGKmtNfk4jDs,64KEffDW9EtZ1y2vBYgq8T,Spotlight,2018
169,70,This Feeling,The Chainsmokers,72,19672668,"['dance pop', 'edm', 'electropop', 'pop', 'pop dance', 'tropical house']",0.575,0.571,1,-7.906,1,0.0439,0.0,0.0912,0.449,105.049,197947,4,False,4NBTZtAt1F13VvlSKe6KTl,69GGBxA162lTqCwzJG5jLp,Sick Boy,2018
170,71,Taste (feat. Offset),Tyga,72,6681838,"['dance pop', 'hip hop', 'pop rap', 'rap', 'southern hip hop', 'trap']",0.884,0.559,0,-7.442,1,0.12,0.0,0.101,0.342,97.994,232959,4,True,5IaHrVsrferBYDm0bDyABy,5LHRHt1k9lMyONurDHEdrp,Taste (feat. Offset),2018
171,72,Me Niego (feat. Ozuna & Wisin),Reik,72,7775906,"['latin arena pop', 'latin pop', 'mexican pop']",0.777,0.782,0,-4.435,0,0.0907,0.0,0.64,0.773,94.023,221653,4,False,4ggiDYAkJ7Yk8d5xOr7Xjo,0vR2qb8m9WHeZ5ByCbimq2,Ahora,2018
172,73,"These Days (feat. Jess Glynne, Macklemore & Dan Caplen)",Rudimental,72,1341835,"['dance pop', 'edm', 'house', 'pop', 'pop dance', 'tropical house', 'uk dance', 'uk funky']",0.653,0.809,0,-4.057,1,0.0474,0.0,0.165,0.55,92.213,210773,4,False,5CLGzJsGqhCEECcpnFQA8x,4WN5naL3ofxrVBgFpguzKo,"These Days (feat. Jess Glynne, Macklemore & Dan Caplen)",2018
173,74,Bodak Yellow,Cardi B,71,20686569,"['dance pop', 'pop', 'rap']",0.926,0.703,11,-6.337,0,0.103,0.0,0.231,0.485,125.022,223713,4,True,6KBYefIoo7KydImq1uUQlL,4kYSro6naA4h99UJvo89HB,Invasion of Privacy,2018
174,75,The Greatest Show,Various Artists,71,570945,"['hollywood', 'show tunes']",0.417,0.824,11,-7.36,0,0.105,0.0545,0.0725,0.4,157.92,302147,4,False,4ylWMuGbMXNDgDd8lErEle,5F1aoppMtU3OMiltO8ymJ2,The Greatest Showman (Original Motion Picture Soundtrack),2018
175,76,Simple,Florida Georgia Line,71,4988606,"['contemporary country', 'country', 'country pop', 'country road', 'modern country rock']",0.362,0.882,3,-3.717,1,0.0973,0.0,0.15,0.864,199.811,185200,4,False,4L9Ds4mpD3SuYoWwFUlv16,3b8QkneNDz4JHKKKlLgYZg,Can't Say I Ain't Country,2018
176,77,You Make It Easy,Jason Aldean,71,5682699,"['contemporary country', 'country', 'country road']",0.375,0.574,7,-5.305,1,0.0315,0.0,0.11,0.406,132.025,196800,3,False,6EGAfJaLUFzhS4zRBIEQ2J,3FfvYsEGaIb52QPXhg4DcH,Rearview Town,2018
177,78,Dura,Daddy Yankee,71,30296006,"['latin hip hop', 'reggaeton', 'trap latino']",0.783,0.84,1,-3.416,1,0.051,0.0,0.412,0.839,95.001,200480,4,False,6KuqAtoeVzxAYOaMveLNpH,4VMYDCV2IEDYJArk749S6m,Dura,2018
178,79,Jackie Chan,Tiësto,71,6598099,"['big room', 'brostep', 'dance pop', 'dutch edm', 'edm', 'house', 'pop', 'pop dance', 'slap house', 'trance', 'tropical house']",0.747,0.834,3,-2.867,0,0.045,0.0,0.0586,0.687,128.005,215760,4,True,4kWO6O1BUXcZmaxitpVUwp,2o5jDhtHVPhrJdv3cEQ99Z,Jackie Chan,2018
179,80,Tequila,Dan + Shay,70,2789856,"['contemporary country', 'country', 'country road', 'pop']",0.489,0.581,11,-5.731,1,0.0281,0.0,0.132,0.494,86.016,196747,4,False,42fw0rxRO2xbesF6mJfd4Y,7z5WFjZAIYejWy0NI5lv4T,Dan + Shay,2018
180,81,1950,King Princess,70,1626299,"['alt z', 'art pop', 'electropop', 'indie pop', 'indie poptimism', 'nyc pop', 'pop']",0.6,0.535,4,-7.043,1,0.107,4.7e-06,0.162,0.269,71.912,225133,4,True,0CZ8lquoTX2Dkg7Ak2inwA,6beUvFUlKliUYJdLOXNj9C,1950,2018
181,82,Rise,Jonas Blue,70,3668578,"['dance pop', 'edm', 'pop', 'pop dance', 'tropical house', 'uk dance']",0.687,0.785,1,-4.65,1,0.0333,0.0,0.203,0.655,106.046,194408,4,False,5ZSl6gDoV6bPPxzmLeneV9,1HBjj22wzbscIZ9sEb5dyf,Blue,2018
182,83,Plug Walk,Rich The Kid,70,2919190,"['atl hip hop', 'hip hop', 'melodic rap', 'plugg', 'pop rap', 'rap', 'southern hip hop', 'trap', 'vapor trap', 'viral rap']",0.876,0.519,11,-6.531,1,0.143,0.0,0.108,0.158,94.981,175230,4,True,1ZAyjvIk9YiD76yYy0TEG6,1pPmIToKXyGdsCF6LmqLmI,The World Is Yours,2018
183,84,FEFE,6ix9ine,70,6726581,"['emo rap', 'trap']",0.931,0.387,1,-9.127,1,0.412,0.0,0.136,0.375,125.978,179405,4,True,1M6SuEJZJkZf2S419vIPkB,7gZfnEnfiaHzxARJ2LeXrf,DUMMY BOY,2018
184,85,Leave a Light On,Tom Walker,70,999763,"['indie anthem-folk', 'pop', 'uk pop']",0.586,0.624,5,-5.946,1,0.113,1.78e-06,0.133,0.267,68.976,185863,4,False,6lOWoTqVnAWXchddtTH31W,7z2avKuuiMAT4XZJFv8Rvh,Leave a Light On,2018
185,86,Solo (feat. Demi Lovato),Clean Bandit,70,4981043,"['dance pop', 'edm', 'pop', 'pop dance', 'post-teen pop', 'tropical house', 'uk dance', 'uk funky']",0.737,0.636,11,-4.546,0,0.0437,6.66e-05,0.35,0.565,105.005,222653,4,False,6kPJZM97LwdG9QIsT7khp6,6MDME20pz9RveH9rEXvrOM,Solo (feat. Demi Lovato),2018
186,87,"King's Dead (with Kendrick Lamar, Future & James Blake)",Jay Rock,70,1320434,"['conscious hip hop', 'gangster rap', 'hip hop', 'pop rap', 'rap', 'southern hip hop', 'trap', 'underground hip hop']",0.645,0.705,1,-5.008,1,0.299,0.0,0.128,0.376,137.133,229670,4,True,51rXHuKN8Loc4sUlKPODgH,28ExwzUQsvgJooOI0X1mr3,"King's Dead (with Kendrick Lamar, Future & James Blake)",2018
187,88,Back To You,Selena Gomez,70,38574820,"['dance pop', 'pop', 'post-teen pop']",0.6,0.683,6,-6.271,1,0.0493,1.26e-06,0.11,0.494,102.036,210240,4,False,514rhnksEwHUh6LxXsQ4Y9,0C8ZW7ezQVs4URX5aX7Kqx,13 Reasons Why (Season 2),2018
188,89,This Is America,Childish Gambino,70,10024463,"['atl hip hop', 'hip hop', 'pop', 'rap']",0.854,0.463,5,-6.159,1,0.137,0.0,0.354,0.549,120.024,225773,4,True,0b9oOr2ZgvyQu88wzixux9,73sIBHcqh3Z3NyqHKZ7FOL,This Is America,2018
189,90,Freaky Friday (feat. Chris Brown),Lil Dicky,69,1913530,"['comedy rap', 'pop rap', 'rap']",0.755,0.599,8,-5.042,1,0.224,0.0,0.109,0.755,133.123,216632,4,True,10Igtw8bSDyyFs7KIsKngZ,1tqhsYv8yBBdwANFNzHtcr,Freaky Friday (feat. Chris Brown),2018
190,91,Say Something (feat. Chris Stapleton),Justin Timberlake,69,12368551,"['dance pop', 'pop']",0.707,0.632,10,-7.031,1,0.0789,1.09e-05,0.0841,0.372,97.04,278893,4,False,1LhMopPAallLeaeNutqbgS,31TPClRtHm23RisEBtV3X7,Man of the Woods,2018
191,92,Saturday Sun,Vance Joy,69,2704660,"['folk-pop', 'pop']",0.637,0.864,8,-4.381,1,0.0468,0.0,0.222,0.706,99.995,214720,4,False,2RiBogNRfulkNf7fVbPOrJ,10exVja0key0uqUkk6LJRT,Nation of Two,2018
192,93,Corazón (feat. Nego do Borel),Maluma,69,32651193,"['reggaeton', 'reggaeton colombiano']",0.722,0.738,9,-6.073,0,0.247,1.47e-05,0.198,0.748,198.075,184720,4,False,5cepAtqnEQ6yVG6088zMMu,1r4hJ1h58CWwUQe3MxPuau,F.A.M.E.,2018
193,94,I Miss You (feat. Julia Michaels),Clean Bandit,69,4981043,"['dance pop', 'edm', 'pop', 'pop dance', 'post-teen pop', 'tropical house', 'uk dance', 'uk funky']",0.693,0.624,0,-7.482,0,0.0448,7.64e-06,0.0955,0.369,105.002,205987,4,False,0Ult84lvFuqNvbyXwyRQ58,6MDME20pz9RveH9rEXvrOM,What Is Love? (Deluxe Edition),2018
194,95,Be Careful,Cardi B,68,20686569,"['dance pop', 'pop', 'rap']",0.82,0.568,6,-8.23,0,0.411,0.0,0.0952,0.535,152.279,210787,4,True,2Yl4OmDby9iitgNWZPwxkd,4kYSro6naA4h99UJvo89HB,Invasion of Privacy,2018
195,96,Sick Boy,The Chainsmokers,68,19672668,"['dance pop', 'edm', 'electropop', 'pop', 'pop dance', 'tropical house']",0.663,0.577,11,-7.518,0,0.0531,0.0,0.12,0.454,89.996,193200,4,False,58kZ9spgxmlEznXGu6FPdQ,69GGBxA162lTqCwzJG5jLp,Sick Boy,2018
196,97,Done for Me (feat. Kehlani),Charlie Puth,68,18386191,"['dance pop', 'pop', 'viral pop']",0.856,0.632,6,-3.692,0,0.074,0.0,0.0688,0.697,112.009,180493,4,False,1lsBTdE6MGsKeZCD6llNu7,6VuMaDnrHyPL1p4EHjYLi7,Voicenotes,2018
197,98,Youngblood,5 Seconds of Summer,68,8982558,"['boy band', 'dance pop', 'pop', 'post-teen pop']",0.596,0.854,7,-5.114,0,0.463,0.0,0.124,0.152,120.274,203418,4,False,55S2PQgSMYAhgoTCcGCDfw,5Rl15oVamLq7FbSb0NNBNy,Youngblood,2018
198,99,Sin Pijama,Becky G,68,12697584,"['dance pop', 'latin pop', 'latin viral pop', 'pop', 'rap latina', 'reggaeton']",0.791,0.745,11,-3.695,0,0.0464,2.93e-05,0.104,0.82,94.014,188560,4,False,2ijef6ni2amuunRoKTlgww,4obzFoKoKRHIphyHzJ35G3,Sin Pijama,2018
199,100,I'm Upset,Drake,68,69088297,"['canadian hip hop', 'canadian pop', 'hip hop', 'rap', 'toronto rap']",0.899,0.586,11,-7.866,0,0.343,0.0,0.0836,0.492,150.002,214467,4,True,3qN5qMTKyEEmiTZD38BNTT,3TVXtAsR1Inumwj472S9r4,Scorpion,2018
200,1,Old Town Road - Remix,Lil Nas X,78,12073366,"['lgbtq+ hip hop', 'pop']",0.878,0.619,6,-5.56,1,0.102,0.0,0.113,0.639,136.041,157067,4,False,2YpeDb67231RjR0MgVLzsG,7jVv8c5Fj3E9VhNjxT4snq,7 EP,2019
201,2,bad guy,Billie Eilish,83,72283522,"['art pop', 'electropop', 'pop']",0.701,0.425,7,-10.965,1,0.375,0.13,0.1,0.562,135.128,194088,4,False,2Fxmhks0bxGSBdJ92vM42m,6qqNVTkY8uBg9cP3Jd7DAH,"WHEN WE ALL FALL ASLEEP, WHERE DO WE GO?",2019
202,3,Señorita,Shawn Mendes,80,39919244,"['canadian pop', 'dance pop', 'pop', 'viral pop']",0.759,0.548,9,-6.049,0,0.029,0.0,0.0828,0.749,116.967,190800,4,False,6v3KW9xbzN5yKLt9YKDYA2,7n2wHs1TKAczGzO7Dd2rGr,Shawn Mendes (Deluxe),2019
203,4,7 rings,Ariana Grande,84,85119135,"['dance pop', 'pop']",0.778,0.317,1,-10.732,0,0.334,0.0,0.0881,0.327,140.048,178627,4,True,6ocbgoVGwYJhOv1GgI9NsF,66CXWjxzNUsdJxJ2JdwvnR,"thank u, next",2019
204,5,Sunflower - Spider-Man: Into the Spider-Verse,Post Malone,81,38849587,"['dfw rap', 'melodic rap', 'rap']",0.755,0.522,2,-4.368,1,0.0575,0.0,0.0685,0.925,89.96,157560,4,False,0RiRZpuVRbi7oqRdSMwhQY,246dkjvS1zLTtiykXe5h60,Hollywood's Bleeding,2019
205,6,Someone You Loved,Lewis Capaldi,87,10120269,"['pop', 'uk pop']",0.501,0.405,1,-5.679,1,0.0319,0.0,0.105,0.446,109.891,182161,4,False,7qEHsqek33rTcFNT9PFqLf,4GNC7GD6oZMSxPGyXy4MNB,Divinely Uninspired To A Hellish Extent,2019
206,7,Without Me,Halsey,77,18834796,"['dance pop', 'electropop', 'etherpop', 'indie poptimism', 'pop']",0.752,0.488,6,-7.05,1,0.0705,9.11e-06,0.0936,0.533,136.041,201661,4,True,5p7ujcrUXASCNwRaWNHR1C,26VFTg2z8YR0cCuwLzESi2,Without Me,2019
207,8,Let Me Down Slowly,Alec Benjamin,85,3930336,"['alt z', 'electropop', 'pop']",0.652,0.557,1,-5.714,0,0.0318,0.0,0.124,0.483,150.073,169354,4,False,2qxmye6gAegTMjLKEBoR3d,5IH6FPUwQTxPSXurCrcIov,Narrated For You,2019
208,9,Shallow,Lady Gaga,84,23889472,"['art pop', 'dance pop', 'pop']",0.572,0.385,7,-6.362,1,0.0308,0.0,0.231,0.323,95.799,215733,4,False,2VxeLyX666F8uXCJ0dZF8B,1HY2Jd0NmPuamShAr6KMms,A Star Is Born Soundtrack,2019
209,10,lovely (with Khalid),Billie Eilish,88,72283522,"['art pop', 'electropop', 'pop']",0.351,0.296,4,-10.109,0,0.0333,0.0,0.095,0.12,115.284,200186,4,False,0u2P5u6lvoDfwTYjAADbn4,6qqNVTkY8uBg9cP3Jd7DAH,lovely (with Khalid),2019
210,11,Circles,Post Malone,85,38849587,"['dfw rap', 'melodic rap', 'rap']",0.695,0.762,0,-3.497,1,0.0395,0.00244,0.0863,0.553,120.042,215280,4,False,21jGcNKet2qwijlDFuPiPb,246dkjvS1zLTtiykXe5h60,Hollywood's Bleeding,2019
211,12,Lost in the Fire (feat. The Weeknd),Gesaffelstein,84,461613,"['dark clubbing', 'destroy techno']",0.658,0.671,2,-12.21,1,0.0363,0.000927,0.115,0.166,100.966,202093,4,True,2vXKRlJBXyOcvZYTdNeckS,3hteYQFiMFbJY7wS0xDymP,Hyperion,2019
212,13,Cruel Summer,Taylor Swift,84,62687649,['pop'],0.552,0.702,9,-5.707,1,0.157,2.06e-05,0.105,0.564,169.994,178427,4,False,1BxfuPKGuaTgP7aM0Bbdwr,06HL4z0CvFAxyc27GXpf02,Lover,2019
213,14,SICKO MODE,Travis Scott,82,21399433,"['rap', 'slap house']",0.834,0.73,8,-3.714,1,0.222,0.0,0.124,0.446,155.008,312820,4,True,2xLMifQCjDGFmkHkpNLD9h,0Y5tJX1MQlPlqiwlOH1tJY,ASTROWORLD,2019
214,15,when the party's over,Billie Eilish,83,72283522,"['art pop', 'electropop', 'pop']",0.367,0.111,4,-14.084,1,0.0972,3.97e-05,0.0897,0.198,82.642,196077,4,False,43zdsphuZLzwA9k4DJhU0I,6qqNVTkY8uBg9cP3Jd7DAH,"WHEN WE ALL FALL ASLEEP, WHERE DO WE GO?",2019
215,16,"thank u, next",Ariana Grande,82,85119135,"['dance pop', 'pop']",0.717,0.653,1,-5.634,1,0.0658,0.0,0.101,0.412,106.966,207320,4,True,3e9HZxeyfWwjeyPAMmWSSQ,66CXWjxzNUsdJxJ2JdwvnR,"thank u, next",2019
216,17,Doin' Time,Lana Del Rey,81,18859203,"['art pop', 'pop']",0.641,0.559,7,-11.132,0,0.0355,0.00402,0.0937,0.523,144.982,202193,4,True,0Oqc0kKFsQ6MhFOLBNZIGX,00FQb4jTyendYWaN8pK0wa,Norman Fucking Rockwell!,2019
217,18,Robbery,Juice WRLD,81,26534268,"['chicago rap', 'melodic rap']",0.623,0.692,2,-5.122,1,0.0504,0.0,0.153,0.566,79.899,240051,4,True,6iaSML1PIYq936g62BDtBq,4MCBfE4596Uoi2O4DtmEMz,Death Race For Love (Bonus Track Version),2019
218,19,Lose You To Love Me,Selena Gomez,81,38574820,"['dance pop', 'pop', 'post-teen pop']",0.488,0.343,4,-8.985,1,0.0436,0.0,0.21,0.0978,102.819,206459,4,False,4l0Mvzj72xxOpRrp6h8nHi,0C8ZW7ezQVs4URX5aX7Kqx,Rare,2019
219,20,MIDDLE CHILD,J. Cole,81,18409568,"['conscious hip hop', 'hip hop', 'north carolina hip hop', 'rap']",0.837,0.364,8,-11.713,1,0.276,0.0,0.271,0.463,123.984,213594,4,True,2JvzF1RMd7lE3KmFlsyZD8,6l3HvQ5sa6mXTsMTB19rO5,MIDDLE CHILD,2019
220,21,Wow.,Post Malone,81,38849587,"['dfw rap', 'melodic rap', 'rap']",0.829,0.539,11,-7.359,0,0.208,1.78e-06,0.103,0.388,99.96,149547,4,True,7xQAfvXzm3AkraOtGPWIZg,246dkjvS1zLTtiykXe5h60,Hollywood's Bleeding,2019
221,22,Lover,Taylor Swift,84,62687649,['pop'],0.359,0.543,7,-7.582,1,0.0919,1.58e-05,0.118,0.453,68.534,221307,4,False,1dGr1c8CrMLDpV6mPbImSI,06HL4z0CvFAxyc27GXpf02,Lover,2019
222,23,a lot,21 Savage,81,12085209,"['atl hip hop', 'rap']",0.837,0.636,1,-7.643,1,0.086,0.00125,0.342,0.274,145.972,288624,4,True,2t8yVaLvJ0RenpXUIAC52d,1URnnhqYAYcrqrcwql10ft,i am > i was,2019
223,24,High Hopes,Panic! At The Disco,80,11537145,['modern rock'],0.579,0.904,5,-2.729,1,0.0618,0.0,0.064,0.681,82.014,190947,4,False,1rqqCSm0Qe4I9rUvWncaom,20JZFwl6HVl6yg8a4H3ZqK,Pray for the Wicked,2019
224,25,Sweet but Psycho,Ava Max,80,5703742,"['dance pop', 'pop']",0.72,0.706,1,-4.719,1,0.0473,0.0,0.166,0.62,133.002,187436,4,False,7DnAm9FOTWE3cUvso43HhI,4npEfmQ6YuiwW1GpUmaq3F,Heaven & Hell,2019
225,26,Sucker,Jonas Brothers,80,6613136,"['boy band', 'dance pop', 'pop', 'post-teen pop']",0.842,0.734,1,-5.065,0,0.0588,0.0,0.106,0.952,137.958,181027,4,False,22vgEDb5hykfaTwLuskFGD,7gOdHgIoIKoe4i9Tta6qdD,Happiness Begins,2019
226,27,Bruises,Lewis Capaldi,80,10120269,"['pop', 'uk pop']",0.736,0.308,4,-7.83,1,0.0677,0.0,0.186,0.361,111.202,220492,4,False,4Of7rzpRpV1mWRbhp5rAqG,4GNC7GD6oZMSxPGyXy4MNB,Divinely Uninspired To A Hellish Extent,2019
227,28,EARFQUAKE,"Tyler, The Creator",80,9938502,"['hip hop', 'rap']",0.554,0.498,9,-8.866,1,0.0685,5.98e-06,0.795,0.413,79.635,190067,4,True,5hVghJ4KaYES3BFUATCYn0,4V8LLVI7PbaPR0K2TGSxFF,IGOR,2019
228,29,Boy With Luv (feat. Halsey),BTS,80,57849048,"['k-pop', 'k-pop boy group']",0.645,0.862,11,-4.761,0,0.0845,0.0,0.193,0.803,119.947,229773,4,False,4a9tbd947vo9K8Vti9JwcI,3Nrfpe0tUJi4K4DXYWgMUX,MAP OF THE SOUL : PERSONA,2019
229,30,Ransom,Lil Tecca,80,5583800,"['melodic rap', 'pluggnb', 'rap', 'trap', 'viral rap']",0.745,0.642,7,-6.257,0,0.287,0.0,0.0658,0.226,179.974,131240,4,True,1lOe9qE0vR9zwWQAOk6CoO,4Ga1P7PMIsmqEZqhYZQgDo,We Love You Tecca,2019
230,31,Better Now,Post Malone,80,38849587,"['dfw rap', 'melodic rap', 'rap']",0.68,0.578,10,-5.804,1,0.04,0.0,0.135,0.341,145.038,231267,4,True,7dt6x5M1jzdTEt8oCbisTK,246dkjvS1zLTtiykXe5h60,beerbongs & bentleys,2019
231,32,boyfriend (with Social House),Ariana Grande,79,85119135,"['dance pop', 'pop']",0.4,0.795,10,-3.731,0,0.461,0.0,0.159,0.702,190.097,186107,4,True,0Ryd8975WihbObpp5cPW1t,66CXWjxzNUsdJxJ2JdwvnR,boyfriend,2019
232,33,Ride It,Regard,79,199212,"['dance pop', 'edm', 'electro house', 'pop', 'pop dance', 'pop edm', 'slap house', 'tropical house']",0.88,0.751,7,-4.258,0,0.0874,6.43e-05,0.106,0.884,117.948,157606,4,False,2tnVG71enUj33Ic2nFN6kZ,4ofCBoyEiGSePFAG500xev,Ride It,2019
233,34,Going Bad (feat. Drake),Meek Mill,79,6684589,"['hip hop', 'philly rap', 'pop rap', 'rap', 'southern hip hop', 'trap']",0.889,0.496,4,-6.365,0,0.0905,0.0,0.252,0.544,86.003,180522,4,True,2IRZnDFmlqMuOrYOLnZZyc,20sxb77xiYeusSH8cVdatc,Championships,2019
234,35,Callaita,Bad Bunny,79,59583011,"['reggaeton', 'trap latino']",0.61,0.624,2,-4.773,1,0.309,2.12e-06,0.243,0.244,176.169,250534,4,True,2TH65lNHgvLxCKXM3apjxI,4q3ewBCX7sLwd24euuV69X,Callaita,2019
235,36,Goodbyes (feat. Young Thug),Post Malone,79,38849587,"['dfw rap', 'melodic rap', 'rap']",0.548,0.653,5,-3.875,1,0.081,0.0,0.103,0.163,150.068,174853,4,True,0t3ZvGKlmYmVsDzBJAXK8C,246dkjvS1zLTtiykXe5h60,Hollywood's Bleeding,2019
236,37,Hold Me While You Wait,Lewis Capaldi,78,10120269,"['pop', 'uk pop']",0.688,0.53,11,-5.507,1,0.0333,0.0,0.0995,0.162,106.958,205687,4,False,60iSKGrGazRzICtMjADNSM,4GNC7GD6oZMSxPGyXy4MNB,Divinely Uninspired To A Hellish Extent,2019
237,38,Con Calma,Daddy Yankee,78,30296006,"['latin hip hop', 'reggaeton', 'trap latino']",0.737,0.86,8,-2.652,0,0.0593,1.94e-06,0.0574,0.656,93.989,193227,4,False,5w9c2J52mkdntKOmRLeM2m,4VMYDCV2IEDYJArk749S6m,Con Calma,2019
238,39,Don't Start Now,Dua Lipa,78,37329937,"['dance pop', 'pop', 'uk pop']",0.794,0.793,11,-4.521,0,0.0842,0.0,0.0952,0.677,123.941,183290,4,False,6WrI0LAC5M1Rw2MnX2ZvEg,6M2wZ9GZgrQXHCFfjv46we,Don't Start Now,2019
239,40,Location (feat. Burna Boy),Dave,78,2675565,['uk hip hop'],0.812,0.496,9,-5.969,0,0.297,0.0,0.0955,0.55,109.979,241293,4,True,3z4CGd63tpUn9a6oQSG0CI,6Ip8FS7vWT1uKkJSweANQK,PSYCHODRAMA,2019
240,41,Dance Monkey,Tones And I,78,2985084,"['australian pop', 'pop']",0.824,0.588,6,-6.4,0,0.0924,0.000104,0.149,0.513,98.027,209438,4,False,2XU0oxnq2qxCpomAAuJY8K,2NjfBq1NflQcKSeiDooVjY,Dance Monkey (Stripped Back) / Dance Monkey,2019
241,42,MIA (feat. Drake),Bad Bunny,78,59583011,"['reggaeton', 'trap latino']",0.817,0.539,6,-6.349,0,0.0621,0.000496,0.099,0.158,97.062,210368,4,False,116H0KvKr2Zl4RPuVBruDO,4q3ewBCX7sLwd24euuV69X,MIA (feat. Drake),2019
242,43,Better,Khalid,77,15631794,"['pop', 'pop r&b']",0.596,0.552,0,-10.278,0,0.097,0.334,0.104,0.112,97.949,229320,4,False,6zeeWid2sgw4lap2jV61PZ,6LuN9FCkKOj5PcnpouEgny,Suncity,2019
243,44,"break up with your girlfriend, i'm bored",Ariana Grande,77,85119135,"['dance pop', 'pop']",0.726,0.554,5,-5.29,0,0.0917,0.0,0.106,0.335,169.999,190440,4,True,4kV4N9D1iKVxx1KLvtTpjS,66CXWjxzNUsdJxJ2JdwvnR,"thank u, next",2019
244,45,Pop Out (feat. Lil Tjay),Polo G,77,8647248,['chicago rap'],0.772,0.639,1,-7.119,1,0.467,0.0,0.0698,0.261,168.112,166560,4,True,6uFn47ACjqYkc0jADwEdj1,6AgTAQt8XS6jRWi4sX7w49,Die A Legend,2019
245,46,Money In The Grave (Drake ft. Rick Ross),Drake,77,69088297,"['canadian hip hop', 'canadian pop', 'hip hop', 'rap', 'toronto rap']",0.831,0.502,10,-4.045,0,0.046,0.0,0.122,0.101,100.541,205427,4,True,5ry2OE6R2zPQFDO85XkgRb,3TVXtAsR1Inumwj472S9r4,The Best In The World Pack,2019
246,47,Nothing Breaks Like a Heart (feat. Miley Cyrus),Mark Ronson,77,983010,"['dance pop', 'pop']",0.601,0.794,7,-5.844,0,0.0671,1.36e-06,0.388,0.244,114.066,217467,4,False,27rdGxbavYJeBphck5MZAF,3hv9jJF3adDNsBSIQDqcjp,Nothing Breaks Like a Heart (feat. Miley Cyrus),2019
247,48,Pure Water (with Migos),Mustard,76,1010480,"['cali rap', 'hip hop', 'pop', 'pop rap', 'rap', 'southern hip hop', 'trap']",0.682,0.559,0,-5.545,1,0.127,0.0,0.344,0.137,202.015,192471,4,True,3j84U36KvLeXNDPv4t5pI8,0YinUQ50QDB7ZxSCLyQ40k,Perfect Ten,2019
248,49,You Need To Calm Down,Taylor Swift,76,62687649,['pop'],0.771,0.671,2,-5.617,1,0.0553,0.0,0.0637,0.714,85.026,171360,4,False,6RRNNciQGZEXnqk8SQ9yv5,06HL4z0CvFAxyc27GXpf02,Lover,2019
249,50,"10,000 Hours (with Justin Bieber)",Dan + Shay,76,2789856,"['contemporary country', 'country', 'country road', 'pop']",0.654,0.63,10,-4.644,1,0.0259,0.0,0.111,0.43,89.991,167693,4,False,2wrJq5XKLnmhRXHIAf9xBa,7z5WFjZAIYejWy0NI5lv4T,"10,000 Hours (with Justin Bieber)",2019
250,51,Old Town Road,Lil Nas X,76,12073366,"['lgbtq+ hip hop', 'pop']",0.907,0.53,1,-6.112,1,0.127,2.23e-06,0.101,0.507,135.998,113000,4,False,0F7FA14euOIX8KcbEturGH,7jVv8c5Fj3E9VhNjxT4snq,7 EP,2019
251,52,Don't Call Me Up,Mabel,76,1708007,"['dance pop', 'edm', 'pop', 'pop dance', 'post-teen pop', 'tropical house', 'uk pop']",0.674,0.881,9,-2.853,1,0.147,3.01e-06,0.0793,0.234,98.994,178480,4,False,5WHTFyqSii0lmT9R21abT8,1MIVXf74SZHmTIp4V4paH4,Ivy To Roses (Mixtape),2019
252,53,ZEZE (feat. Travis Scott & Offset),Kodak Black,76,8698377,"['florida rap', 'hip hop', 'melodic rap', 'miami hip hop', 'rap', 'trap']",0.861,0.603,8,-5.788,0,0.176,0.0,0.0924,0.504,98.043,228760,4,True,0FZ4Dmg8jJJAPJnvBIzD9z,46SHBwWsqBkxI7EeeBEQG7,Dying to Live,2019
253,54,Piece Of Your Heart,MEDUZA,76,571225,"['dance pop', 'edm', 'electro house', 'pop', 'pop dance', 'pop house', 'tropical house']",0.677,0.744,10,-6.806,0,0.0295,0.00016,0.074,0.631,124.08,152913,4,False,1DFD5Fotzgn6yYXkYsKiGs,0xRXCcSX89eobfrshSVdyu,Piece Of Your Heart,2019
254,55,Dancing With A Stranger (with Normani),Sam Smith,76,20816519,"['dance pop', 'pop', 'uk pop']",0.741,0.52,8,-7.513,1,0.0656,1.97e-06,0.222,0.347,102.998,171030,4,False,6Qs4SXO9dwPj5GKvVOv8Ki,2wY79sveU1sp5g7SokKOiI,Dancing With A Stranger (with Normani),2019
255,56,bury a friend,Billie Eilish,75,72283522,"['art pop', 'electropop', 'pop']",0.905,0.389,8,-14.505,1,0.332,0.162,0.106,0.196,120.046,193143,4,False,4SSnFejRGlZikf02HLewEF,6qqNVTkY8uBg9cP3Jd7DAH,"WHEN WE ALL FALL ASLEEP, WHERE DO WE GO?",2019
256,57,Higher Love,Kygo,75,8202259,"['edm', 'pop', 'pop dance', 'tropical house']",0.693,0.678,8,-7.159,1,0.0324,5.71e-06,0.101,0.404,103.952,228267,4,False,6oJ6le65B3SEqPwMRNXWjY,23fqKkggKUBHNkbKtXEls4,Higher Love,2019
257,58,China,Anuel AA,75,25060736,"['reggaeton', 'reggaeton flow', 'trap boricua', 'trap latino']",0.786,0.808,7,-3.702,1,0.0882,0.000289,0.0822,0.609,105.027,301714,4,False,2ksOAxtIxY8yElEWw8RhgK,2R21vXR83lH98kGeO99Y66,China,2019
258,59,Truth Hurts,Lizzo,75,5175867,"['escape room', 'minnesota hip hop', 'pop', 'trap queen']",0.715,0.624,4,-3.046,0,0.114,0.0,0.123,0.412,158.087,173325,4,True,3HWzoMvoF3TQfYg4UPszDq,56oDRnqbIiwx4mymNEv7dS,Cuz I Love You (Super Deluxe),2019
259,60,3 Nights,Dominic Fike,74,985354,"['alternative pop rock', 'pop']",0.815,0.518,7,-6.594,0,0.0897,0.0,0.104,0.877,151.891,177667,4,False,1tNJrcVe6gwLEiZCtprs1u,6USv9qhCn6zfxlBQIYJ9qs,"Don't Forget About Me, Demos",2019
260,61,Kill This Love,BLACKPINK,74,34685857,"['k-pop', 'k-pop girl group']",0.763,0.835,2,-5.234,0,0.191,0.00221,0.225,0.645,131.875,191050,4,False,6hvczQ05jc1yGlp9zhb95V,41MozSoPIsD1dJM0CLPjZF,KILL THIS LOVE,2019
261,62,Soltera - Remix,Lunay,74,7558249,"['latin hip hop', 'latin pop', 'reggaeton', 'reggaeton flow', 'trap latino']",0.795,0.783,5,-4.271,1,0.0432,0.0,0.437,0.799,92.01,266087,4,False,4t9a07PAghtQMRAIP9FQ7Z,47MpMsUfWtgyIIBEFOr4FE,Épico,2019
262,63,Please Me,Cardi B,74,20686569,"['dance pop', 'pop', 'rap']",0.747,0.57,1,-6.711,1,0.081,0.0,0.0832,0.65,133.992,200890,4,True,0PG9fbaaHFHfre2gUVo7AN,4kYSro6naA4h99UJvo89HB,Please Me,2019
263,64,Secreto,Anuel AA,74,25060736,"['reggaeton', 'reggaeton flow', 'trap boricua', 'trap latino']",0.807,0.803,11,-4.156,1,0.126,0.00853,0.136,0.706,91.987,258800,4,False,5W83ErFkO3aKAIS1WMi6u0,2R21vXR83lH98kGeO99Y66,Secreto,2019
264,65,Nights Like This (feat. Ty Dolla $ign),Kehlani,74,6305682,"['dance pop', 'pop', 'post-teen pop', 'r&b', 'rap']",0.61,0.725,8,-5.131,1,0.15,0.0,0.154,0.291,146.163,201788,4,True,6ZRuF2n1CQxyxxAAWsKJOy,0cGUm45nv7Z6M6qdXYQGTX,While We Wait,2019
265,66,Here With Me,Marshmello,74,34557398,"['brostep', 'dance pop', 'edm', 'pop', 'pop dance', 'progressive electro house']",0.791,0.565,5,-3.933,0,0.0439,0.0,0.156,0.181,99.961,156347,4,False,5icOoE6VgqFKohjWWNp0Ac,64KEffDW9EtZ1y2vBYgq8T,Here With Me,2019
266,67,How Do You Sleep?,Sam Smith,74,20816519,"['dance pop', 'pop', 'uk pop']",0.477,0.682,1,-4.931,0,0.0925,0.0,0.0763,0.345,110.567,202205,5,False,6b2RcmUt1g9N9mQ3CbjX2Y,2wY79sveU1sp5g7SokKOiI,How Do You Sleep?,2019
267,68,Swervin (feat. 6ix9ine),A Boogie Wit da Hoodie,74,6888209,"['melodic rap', 'rap', 'trap']",0.581,0.662,9,-5.239,1,0.303,0.0,0.111,0.434,93.023,189487,4,True,1wJRveJZLSb1rjhnUHQiv6,31W5EY0aAly4Qieq6OFu6I,Hoodie SZN,2019
268,69,Good as Hell,Lizzo,74,5175867,"['escape room', 'minnesota hip hop', 'pop', 'trap queen']",0.682,0.919,0,-3.18,0,0.0875,0.0,0.442,0.535,95.982,159736,4,False,6KgBpzTuTRPebChN0VTyzV,56oDRnqbIiwx4mymNEv7dS,Cuz I Love You (Super Deluxe),2019
269,70,I Don't Care (with Justin Bieber),Ed Sheeran,74,105408325,"['pop', 'uk pop']",0.798,0.676,6,-5.041,1,0.0442,0.0,0.0894,0.843,101.956,219947,4,False,0hVXuCcriWRGvwMV1r5Yn9,6eUKZXaKkcviH0Ku9w2n3V,No.6 Collaborations Project,2019
270,71,Calma - Remix,Pedro Capó,73,1543220,"['latin pop', 'puerto rican pop']",0.826,0.773,11,-4.218,0,0.0524,0.0,0.143,0.761,126.899,238200,4,False,5iwz1NiezX7WWjnCgY5TH4,4QVBYiagIaa6ZGSPMbybpy,Calma (Remix),2019
271,72,"Taki Taki (feat. Selena Gomez, Ozuna & Cardi B)",DJ Snake,73,8211577,"['dance pop', 'edm', 'electronic trap', 'pop', 'pop dance', 'pop rap']",0.842,0.801,8,-4.167,0,0.228,4.82e-06,0.0642,0.617,95.881,212500,4,True,0KoiMHhqKLoL4xM54rcWYY,540vIaP2JwjQb9dm3aArA4,Carte Blanche,2019
272,73,Grace,Lewis Capaldi,72,10120269,"['pop', 'uk pop']",0.722,0.565,4,-5.848,1,0.0335,0.0,0.165,0.488,104.483,185658,4,False,0pEkK8MqbmGSX7fT8WLMbR,4GNC7GD6oZMSxPGyXy4MNB,Divinely Uninspired To A Hellish Extent,2019
273,74,One Thing Right,Marshmello,72,34557398,"['brostep', 'dance pop', 'edm', 'pop', 'pop dance', 'progressive electro house']",0.659,0.625,4,-2.253,1,0.045,0.0,0.582,0.442,88.042,181824,4,False,4hPpVbbakQNv8YTHYaOJP4,64KEffDW9EtZ1y2vBYgq8T,One Thing Right,2019
274,75,Bohemian Rhapsody - Remastered 2011,Queen,72,43797895,"['classic rock', 'glam rock', 'rock']",0.392,0.402,0,-9.961,0,0.0536,0.0,0.243,0.228,143.883,354320,4,False,7tFiyTwD0nx5a1eklYtX2J,1dfeR4HaWDbWqFHLkxsg1d,A Night At The Opera (Deluxe Remastered Version),2019
275,76,Look Back at It,A Boogie Wit da Hoodie,73,6888209,"['melodic rap', 'rap', 'trap']",0.791,0.587,3,-5.075,0,0.0413,0.0,0.148,0.536,96.057,179449,4,True,3Ol2xnObFdKV9pmRD2t9x8,31W5EY0aAly4Qieq6OFu6I,Hoodie SZN,2019
276,77,Beautiful People (feat. Khalid),Ed Sheeran,73,105408325,"['pop', 'uk pop']",0.64,0.647,5,-8.114,0,0.186,0.0,0.0801,0.546,92.979,197867,4,False,70eFcWOvlMObDhURTqT4Fv,6eUKZXaKkcviH0Ku9w2n3V,No.6 Collaborations Project,2019
277,78,Money,Cardi B,72,20686569,"['dance pop', 'pop', 'rap']",0.95,0.59,8,-6.508,0,0.29,0.0,0.11,0.219,130.003,183527,4,True,2GGMabyHXnJmjY6CXhhB2e,4kYSro6naA4h99UJvo89HB,Money,2019
278,79,emotions,iann dior,72,1638962,"['melodic rap', 'pop', 'pop rap']",0.63,0.63,9,-6.211,1,0.0395,0.0,0.142,0.163,80.512,131213,4,False,5ls62WNKHUUrdF3r1cv83T,6ASri4ePR7RlsvIQgWPJpS,nothings ever good enough,2019
279,80,If I Can't Have You,Shawn Mendes,72,39919244,"['canadian pop', 'dance pop', 'pop', 'viral pop']",0.692,0.809,2,-4.198,1,0.0602,0.0,0.147,0.864,123.911,190800,4,False,6LsAAHotRLMOHfCsSfYCsz,7n2wHs1TKAczGzO7Dd2rGr,If I Can't Have You,2019
280,81,Shotta Flow (feat. Blueface) [Remix],NLE Choppa,72,5356719,"['memphis hip hop', 'viral rap']",0.894,0.511,2,-4.768,1,0.421,0.0,0.14,0.567,120.077,176632,4,True,5BJMeoCXXgbRAWfp6fTulr,0ErzCpIMyLcjPiwT4elrtZ,Cottonwood,2019
281,82,Giant (with Rag'n'Bone Man),Calvin Harris,72,22979797,"['dance pop', 'edm', 'electro house', 'house', 'pop', 'progressive house', 'uk dance']",0.807,0.887,1,-4.311,0,0.0361,0.000503,0.0811,0.606,122.015,229184,4,False,5itOtNx0WxtJmi1TQ3RuRd,7CajNmpbOovFoOoasH2HaY,Giant (with Rag'n'Bone Man),2019
282,83,Only Human,Jonas Brothers,72,6613136,"['boy band', 'dance pop', 'pop', 'post-teen pop']",0.795,0.496,0,-5.883,1,0.0722,0.0,0.0645,0.874,94.01,183000,4,False,0DiDStADDVh3SvAsoJAFMk,7gOdHgIoIKoe4i9Tta6qdD,Happiness Begins,2019
283,84,Otro Trago,Sech,72,11339619,"['panamanian pop', 'reggaeton', 'trap latino']",0.746,0.7,0,-4.669,1,0.341,0.000159,0.11,0.619,176.044,225933,4,True,1Ej96GIBCTvgH7tNX1r3qr,77ziqFxp5gaInVrF2lj4ht,Sueños,2019
284,85,So Am I,Ava Max,71,5703742,"['dance pop', 'pop']",0.681,0.657,6,-4.671,1,0.0432,0.0,0.353,0.628,130.089,183027,4,False,2Xnv3GntqbBH1juvUYSpHG,4npEfmQ6YuiwW1GpUmaq3F,Heaven & Hell,2019
285,86,SOS (feat. Aloe Blacc),Avicii,71,22270264,"['dance pop', 'edm', 'pop', 'pop dance', 'pop rap']",0.802,0.645,5,-6.181,0,0.0715,0.0,0.119,0.376,100.001,157202,4,False,2x0RZdkZcD8QRI53XT4GI5,1vCWHaC5f2uS3yhpwWbIA6,TIM,2019
286,87,Panini,Lil Nas X,71,12073366,"['lgbtq+ hip hop', 'pop']",0.703,0.594,5,-6.146,0,0.0752,0.0,0.123,0.475,153.848,114893,4,False,1000nHvUdawXuUHgBod4Wv,7jVv8c5Fj3E9VhNjxT4snq,Panini,2019
287,88,Suge,DaBaby,71,10275061,"['north carolina hip hop', 'rap', 'trap']",0.876,0.662,2,-6.482,0,0.426,0.0,0.127,0.844,75.445,163320,4,True,2gwkD6igEhQbDQegRCcdoB,4r63FhuTkUYltbVAg5TQnk,Baby On Baby,2019
288,89,Talk (feat. Disclosure),Khalid,70,15631794,"['pop', 'pop r&b']",0.9,0.4,0,-8.575,1,0.127,0.0,0.0599,0.346,135.984,197573,4,False,6TqXcAFInzjp0bODyvrWEq,6LuN9FCkKOj5PcnpouEgny,Free Spirit,2019
289,90,Never Really Over,Katy Perry,70,23607392,"['dance pop', 'pop']",0.77,0.882,8,-4.792,1,0.0602,0.0,0.316,0.385,99.991,223523,4,False,5PYQUBXc7NYeI1obMKSJK0,6jJ0s89eD6GaHleKKya26X,Never Really Over,2019
290,91,Adan y Eva,Paulo Londra,70,19447731,"['argentine hip hop', 'trap argentino', 'trap latino']",0.767,0.709,1,-4.47,1,0.336,0.0,0.0745,0.72,171.993,256972,4,False,132ALUzVLmqYB4UsBj5qD6,3vQ0GE3mI0dAaxIMYe5g7z,Homerun,2019
291,92,My Type,Saweetie,70,1694970,"['cali rap', 'dance pop', 'pop', 'rap', 'trap queen']",0.899,0.811,2,-6.294,1,0.258,0.0,0.0672,0.587,105.038,126446,4,True,5KBARWIxeMGkvUax9VtVC9,6cK3NBO6uP7hh0oyuVELFl,ICY,2019
292,93,Motivation,Normani,69,2183795,"['dance pop', 'pop', 'post-teen pop', 'r&b', 'rap', 'urban contemporary']",0.599,0.887,4,-3.967,1,0.0984,1.21e-06,0.3,0.881,170.918,193837,4,False,0rIAC4PXANcKmitJfoqmVm,2cWZOOzeOm4WmBJRnD5R7I,Motivation,2019
293,94,Leave Me Alone,Flipp Dinero,69,1151147,"['melodic rap', 'pop rap', 'rap', 'trap', 'underground hip hop', 'vapor trap', 'viral rap']",0.792,0.743,7,-2.806,1,0.0851,0.0,0.183,0.742,150.024,195637,4,True,6V7g6qM8wheMivMWrzbPTM,2HUwZ0kumzCSlhFcjFZfpp,LOVE FOR GUALA,2019
294,95,Mad Love,Mabel,69,1708007,"['dance pop', 'edm', 'pop', 'pop dance', 'post-teen pop', 'tropical house', 'uk pop']",0.623,0.796,0,-2.981,0,0.199,0.0,0.115,0.607,197.524,169813,4,False,6ImEBuxsbuTowuHmg3Z2FO,1MIVXf74SZHmTIp4V4paH4,High Expectations,2019
295,96,Ladbroke Grove,AJ Tracey,69,1125286,"['grime', 'uk hip hop', 'ukg revival']",0.902,0.839,11,-9.447,0,0.208,0.0,0.102,0.727,133.989,190537,4,False,7AODNxFNPnKaz4hURLzw5l,4Xi6LSfFqv26XgP9NKN26U,AJ Tracey,2019
296,97,Slide Away,Miley Cyrus,69,19026175,"['dance pop', 'pop', 'post-teen pop']",0.53,0.538,5,-6.672,1,0.0335,2.83e-06,0.248,0.288,148.051,233654,4,False,44ADyYoY5liaRa3EOAl4uf,5YGY8feqx7naU7z4HrwZM6,Slide Away,2019
297,98,Clout (feat. Cardi B),Offset,68,2517267,"['atl hip hop', 'hip hop', 'pop rap', 'rap', 'southern hip hop', 'trap']",0.919,0.622,1,-7.384,1,0.0997,4.24e-06,0.122,0.424,140.022,205803,4,True,59ywHNwwchG4nZJMLyxSzd,4DdkRBBYG6Yk9Ka8tdJ9BW,FATHER OF 4,2019
298,99,Easier,5 Seconds of Summer,68,8982558,"['boy band', 'dance pop', 'pop', 'post-teen pop']",0.562,0.46,5,-4.173,1,0.259,0.0,0.107,0.623,176.055,158099,4,False,2bjUEg4jBtKBlPdNrTAppI,5Rl15oVamLq7FbSb0NNBNy,CALM,2019
299,100,i'm so tired...,Lauv,68,5393706,['pop'],0.548,0.735,11,-7.572,1,0.236,0.0,0.195,0.498,101.252,162587,4,False,7LpMG3AEaIJgs62HQhAa91,5JZ7CnR6gTvEMKX4g70Amv,~how i'm feeling~,2019
300,1,Blinding Lights,The Weeknd,90,53005100,"['canadian contemporary r&b', 'canadian pop', 'pop']",0.514,0.73,1,-5.934,1,0.0598,9.54e-05,0.0897,0.334,171.005,200040,4,False,0VjIjW4GlUZAMYd2vXMi3b,1Xyo4u8uXC1ZmMpatF05PJ,After Hours,2020
301,2,Dance Monkey,Tones And I,75,2985084,"['australian pop', 'pop']",0.824,0.587,6,-6.401,0,0.0937,0.000105,0.149,0.514,98.029,209438,4,False,2N8m6CYs74qQO4mjVcXO30,2NjfBq1NflQcKSeiDooVjY,Welcome To The Madhouse (Deluxe),2020
302,3,The Box,Roddy Ricch,80,8608695,"['melodic rap', 'rap', 'trap']",0.896,0.586,10,-6.687,0,0.0559,0.0,0.79,0.642,116.971,196653,4,True,0nbXyq5TXYPCO7pr3N8S4I,757aE44tKEUQEqRuT6GnEB,Please Excuse Me for Being Antisocial,2020
303,4,Roses - Imanbek Remix,SAINt JHN,58,901577,"['melodic rap', 'rap', 'slap house', 'trap']",0.785,0.721,8,-5.457,1,0.0506,0.00432,0.285,0.894,121.962,176219,4,True,2Wo6QQD1KMDWeFkkjLqwx5,0H39MdGGX6dbnnQPt6NQkZ,Roses (Imanbek Remix),2020
304,5,Don't Start Now,Dua Lipa,81,37329937,"['dance pop', 'pop', 'uk pop']",0.793,0.793,11,-4.521,0,0.083,0.0,0.0951,0.679,123.95,183290,4,False,3PfIrDoz19wz7qK7tYeu62,6M2wZ9GZgrQXHCFfjv46we,Future Nostalgia,2020
305,6,ROCKSTAR (feat. Roddy Ricch),DaBaby,79,10275061,"['north carolina hip hop', 'rap', 'trap']",0.746,0.69,11,-7.956,1,0.164,0.0,0.101,0.497,89.977,181733,4,True,7ytR5pFWmSjzHJIeQkgog4,4r63FhuTkUYltbVAg5TQnk,BLAME IT ON BABY,2020
306,7,Watermelon Sugar,Harry Styles,88,24493873,['pop'],0.548,0.816,0,-4.209,1,0.0465,0.0,0.335,0.557,95.39,174000,4,False,6UelLqGlWMcVH1E5c4H7lY,6KImCVD70vtIoJWnq6nGn3,Fine Line,2020
307,8,death bed (coffee for your head),Powfu,82,1117534,['sad rap'],0.726,0.431,8,-8.765,0,0.135,0.0,0.696,0.348,144.026,173333,4,False,7eJMfftS33KTjuF7lTsMCx,6bmlMHgSheBauioMgKv2tn,death bed (coffee for your head),2020
308,9,Falling,Trevor Daniel,78,723717,"['melodic rap', 'pop', 'pop rap', 'viral rap']",0.785,0.431,10,-8.756,0,0.0364,0.0,0.0887,0.236,127.085,159382,4,False,0Aqi7ArnBrGblW5T6p2jmD,7uaIm6Pw7xplS8Dy06V6pT,Nicotine,2020
309,10,Someone You Loved,Lewis Capaldi,87,10120269,"['pop', 'uk pop']",0.501,0.405,1,-5.679,1,0.0319,0.0,0.105,0.446,109.891,182161,4,False,7qEHsqek33rTcFNT9PFqLf,4GNC7GD6oZMSxPGyXy4MNB,Divinely Uninspired To A Hellish Extent,2020
310,11,Tusa,KAROL G,76,30127108,"['reggaeton', 'reggaeton colombiano']",0.803,0.715,2,-3.28,1,0.298,0.000134,0.0574,0.574,101.085,200960,4,False,7k4t7uLgtOxPwTpFmtJNTY,790FomKkXshlbRYZFtlgla,Tusa,2020
311,12,ROXANNE,Arizona Zervas,77,693240,"['pop', 'pop rap', 'rhode island rap', 'viral rap']",0.621,0.601,6,-5.616,0,0.148,0.0,0.46,0.457,116.735,163636,5,True,696DnlkuDOXcMAnKlTgXXK,0vRvGUQVUjytro0xpb26bs,ROXANNE,2020
312,13,Circles,Post Malone,85,38849587,"['dfw rap', 'melodic rap', 'rap']",0.695,0.762,0,-3.497,1,0.0395,0.00244,0.0863,0.553,120.042,215280,4,False,21jGcNKet2qwijlDFuPiPb,246dkjvS1zLTtiykXe5h60,Hollywood's Bleeding,2020
313,14,Blueberry Faygo,Lil Mosey,74,4851278,"['melodic rap', 'rap', 'rap conscient', 'trap', 'vapor trap', 'viral rap']",0.774,0.554,0,-7.909,1,0.0383,0.0,0.132,0.349,99.034,162547,4,True,22LAwLoDA5b4AaGSkg6bKW,5zctI4wO9XSKS8XwcnqEHk,Certified Hitmaker,2020
314,15,Intentions (feat. Quavo),Justin Bieber,76,67698500,"['canadian pop', 'pop']",0.806,0.546,9,-6.637,1,0.0575,0.0,0.102,0.874,147.986,212867,4,False,4umIPjkehX1r7uhmGvXiSV,1uNFoZAHBGtllmzznpCI3s,Changes,2020
315,16,Toosie Slide,Drake,68,69088297,"['canadian hip hop', 'canadian pop', 'hip hop', 'rap', 'toronto rap']",0.83,0.49,1,-8.82,0,0.209,3.04e-06,0.113,0.845,81.604,247059,4,True,466cKvZn1j45IpxDdYZqdA,3TVXtAsR1Inumwj472S9r4,Dark Lane Demo Tapes,2020
316,17,Before You Go,Lewis Capaldi,83,10120269,"['pop', 'uk pop']",0.459,0.575,3,-4.858,1,0.0573,0.0,0.0885,0.183,111.881,215107,4,False,2gMXnyrvIjhVBUZwvLZDMP,4GNC7GD6oZMSxPGyXy4MNB,Divinely Uninspired To A Hellish Extent (Extended Edition),2020
317,18,Say So,Doja Cat,78,23058904,"['dance pop', 'pop']",0.787,0.673,11,-4.583,0,0.159,3.35e-06,0.0904,0.779,110.962,237893,4,True,3Dv1eDb0MEgF93GpLXlucZ,5cj0lLjcoR7YOSnhnX0Po5,Hot Pink,2020
318,19,Memories,Maroon 5,84,38687623,['pop'],0.775,0.327,11,-7.241,1,0.0557,0.0,0.0821,0.595,91.05,189486,4,False,4cktbXiXOapiLBMprHFErI,04gDigrS5kc9YWfZHwBETP,JORDI (Deluxe),2020
319,20,Life Is Good (feat. Drake),Future,72,12495624,"['atl hip hop', 'hip hop', 'rap', 'southern hip hop', 'trap']",0.795,0.574,2,-6.903,0,0.487,0.0,0.15,0.537,142.053,237918,4,True,1K5KBOgreBi5fkEHvg5ap3,1RyvyyTE3xzB2ZywiAwp0i,High Off Life,2020
320,21,Savage Love (Laxed - Siren Beat),Jawsh 685,75,108671,['nz pop'],0.767,0.481,0,-8.52,0,0.0803,0.0,0.269,0.761,150.076,171375,4,True,1xQ6trAsedVPCdbtDAmk0c,56mfhUDKa1vec6rSLZV5Eg,Savage Love (Laxed - Siren Beat),2020
321,22,Adore You,Harry Styles,84,24493873,['pop'],0.676,0.771,8,-3.675,1,0.0483,7e-06,0.102,0.569,99.048,207133,4,False,3jjujdWJ72nww5eGnfs2E7,6KImCVD70vtIoJWnq6nGn3,Fine Line,2020
322,23,Breaking Me,Topic,77,190183,"['dance pop', 'edm', 'electro house', 'german dance', 'pop dance', 'pop edm', 'tropical house']",0.789,0.72,8,-5.652,0,0.218,0.0,0.129,0.664,122.031,166794,4,False,3H7ihDc1dqLriiWXwsc2po,0u6GtibW46tFX7koQ6uNJZ,Breaking Me,2020
323,24,Mood (feat. iann dior),24kGoldn,82,1907130,"['cali rap', 'pop', 'pop rap', 'rap']",0.701,0.716,7,-3.671,0,0.0361,0.0,0.324,0.732,91.007,140533,4,True,4jPy3l0RUwlUI9T5XHBW2m,6fWVd57NKTalqvmjRd2t8Z,El Dorado,2020
324,25,everything i wanted,Billie Eilish,84,72283522,"['art pop', 'electropop', 'pop']",0.704,0.225,6,-14.454,0,0.0994,0.657,0.106,0.243,120.006,245426,4,False,3ZCTVFBt2Brf31RLEnCkWJ,6qqNVTkY8uBg9cP3Jd7DAH,everything i wanted,2020
325,26,Señorita,Shawn Mendes,80,39919244,"['canadian pop', 'dance pop', 'pop', 'viral pop']",0.759,0.548,9,-6.049,0,0.029,0.0,0.0828,0.749,116.967,190800,4,False,6v3KW9xbzN5yKLt9YKDYA2,7n2wHs1TKAczGzO7Dd2rGr,Shawn Mendes (Deluxe),2020
326,27,bad guy,Billie Eilish,83,72283522,"['art pop', 'electropop', 'pop']",0.701,0.425,7,-10.965,1,0.375,0.13,0.1,0.562,135.128,194088,4,False,2Fxmhks0bxGSBdJ92vM42m,6qqNVTkY8uBg9cP3Jd7DAH,"WHEN WE ALL FALL ASLEEP, WHERE DO WE GO?",2020
327,28,WAP (feat. Megan Thee Stallion),Cardi B,79,20686569,"['dance pop', 'pop', 'rap']",0.935,0.454,1,-7.509,1,0.375,0.0,0.0824,0.357,133.073,187541,4,True,4Oun2ylbjFKMPTiaSbbCih,4kYSro6naA4h99UJvo89HB,WAP (feat. Megan Thee Stallion),2020
328,29,Sunday Best,Surfaces,75,874235,"['bedroom soul', 'pop']",0.878,0.525,5,-6.832,1,0.0578,0.0,0.0714,0.694,112.022,158571,4,False,1Cv1YLb4q0RzL6pybtaMLo,4ETSs924pXMzjIeD6E9b4u,Where the Light Is,2020
329,30,Godzilla (feat. Juice WRLD),Eminem,82,62047877,"['detroit hip hop', 'hip hop', 'rap']",0.808,0.745,10,-5.26,0,0.342,0.0,0.292,0.829,165.995,210800,4,True,7FIWs0pqAYbP91WWM0vlTQ,7dGJo4pcD2V6oG8kP0tJRR,Music To Be Murdered By,2020
330,31,Yummy,Justin Bieber,69,67698500,"['canadian pop', 'pop']",0.676,0.506,9,-6.652,0,0.0958,0.0,0.118,0.497,145.842,208520,4,False,16wAOAZ2OkqoIDN7TpChjR,1uNFoZAHBGtllmzznpCI3s,Changes,2020
331,32,Break My Heart,Dua Lipa,77,37329937,"['dance pop', 'pop', 'uk pop']",0.73,0.729,4,-3.434,0,0.0884,1.39e-06,0.349,0.467,113.011,221820,4,False,017PF4Q3l4DBUiWoXk4OWT,6M2wZ9GZgrQXHCFfjv46we,Future Nostalgia,2020
332,33,Dynamite,BTS,84,57849048,"['k-pop', 'k-pop boy group']",0.746,0.765,6,-4.41,0,0.0993,0.0,0.0936,0.737,114.044,199054,4,False,5QDLhrAOJJdNAmCTJ8xMyW,3Nrfpe0tUJi4K4DXYWgMUX,BE,2020
333,34,Supalonely (feat. Gus Dapperton),BENEE,61,725265,"['alt z', 'nz pop', 'pop']",0.862,0.631,7,-4.746,1,0.0515,0.000209,0.123,0.841,128.978,223488,4,True,3GZoWLVbmxcBys6g0DLFLf,0Cp8WN4V8Tu4QJQwCN5Md4,Hey u x,2020
334,35,ily (i love you baby) (feat. Emilee),Surf Mesa,76,153123,['tropical house'],0.674,0.774,11,-7.567,0,0.0892,0.00188,0.393,0.33,112.05,176547,4,False,62aP9fBQKYKxi7PDXwcUAS,1lmU3giNF3CSbkVSQmLpHQ,ily (i love you baby) (feat. Emilee),2020
335,36,Rain On Me (with Ariana Grande),Lady Gaga,76,23889472,"['art pop', 'dance pop', 'pop']",0.672,0.855,9,-3.764,1,0.0397,0.0,0.323,0.646,123.056,182200,4,False,7ju97lgwC2rKQ6wwsf9no9,1HY2Jd0NmPuamShAr6KMms,Chromatica,2020
336,37,HIGHEST IN THE ROOM,Travis Scott,82,21399433,"['rap', 'slap house']",0.598,0.427,7,-8.764,0,0.0317,5.83e-06,0.21,0.0605,76.469,175721,4,True,3eekarcy7kvN4yt5ZFzltW,0Y5tJX1MQlPlqiwlOH1tJY,HIGHEST IN THE ROOM,2020
337,38,Sunflower - Spider-Man: Into the Spider-Verse,Post Malone,81,38849587,"['dfw rap', 'melodic rap', 'rap']",0.755,0.522,2,-4.368,1,0.0575,0.0,0.0685,0.925,89.96,157560,4,False,0RiRZpuVRbi7oqRdSMwhQY,246dkjvS1zLTtiykXe5h60,Hollywood's Bleeding,2020
338,39,Hawái,Maluma,78,32651193,"['reggaeton', 'reggaeton colombiano']",0.783,0.727,6,-3.454,0,0.389,2.46e-05,0.0626,0.558,180.067,199112,4,False,1yoMvmasuxZfqHEipJhRbp,1r4hJ1h58CWwUQe3MxPuau,PAPI JUANCHO,2020
339,40,Ride It,Regard,79,199212,"['dance pop', 'edm', 'electro house', 'pop', 'pop dance', 'pop edm', 'slap house', 'tropical house']",0.88,0.751,7,-4.258,0,0.0874,6.43e-05,0.106,0.884,117.948,157606,4,False,2tnVG71enUj33Ic2nFN6kZ,4ofCBoyEiGSePFAG500xev,Ride It,2020
340,41,goosebumps,Travis Scott,84,21399433,"['rap', 'slap house']",0.841,0.728,7,-3.37,1,0.0484,0.0,0.149,0.43,130.049,243837,4,True,6gBFPUFcJLzWGx4lenP6h2,0Y5tJX1MQlPlqiwlOH1tJY,Birds In The Trap Sing McKnight,2020
341,42,RITMO (Bad Boys For Life),Black Eyed Peas,63,7032490,"['dance pop', 'pop', 'pop rap']",0.732,0.716,10,-6.968,0,0.0561,0.000758,0.73,0.666,105.093,214855,4,True,5NyS3oxTlos3Agl2YtZwrC,1yxSLGMDHlW21z4YXirZDS,TRANSLATION,2020
342,43,THE SCOTTS,THE SCOTTS,75,182184,[],0.716,0.537,0,-7.648,0,0.0514,0.0,0.157,0.28,129.979,165978,4,True,39Yp9wwQiSRIDOvrVg7mbk,2PaZWGu5T5nHjY2xxAkFsT,THE SCOTTS,2020
343,44,Safaera,Bad Bunny,79,59583011,"['reggaeton', 'trap latino']",0.607,0.829,2,-4.074,1,0.379,0.0,0.107,0.685,96.172,295177,4,True,2DEZmgHKAvm41k4J3R2E9Y,4q3ewBCX7sLwd24euuV69X,YHLQMDLG,2020
344,45,lovely (with Khalid),Billie Eilish,88,72283522,"['art pop', 'electropop', 'pop']",0.351,0.296,4,-10.109,0,0.0333,0.0,0.095,0.12,115.284,200186,4,False,0u2P5u6lvoDfwTYjAADbn4,6qqNVTkY8uBg9cP3Jd7DAH,lovely (with Khalid),2020
345,46,Lucid Dreams,Juice WRLD,84,26534268,"['chicago rap', 'melodic rap']",0.511,0.566,6,-7.23,0,0.2,0.0,0.34,0.218,83.903,239836,4,True,285pBltuF7vW8TeWk8hdRR,4MCBfE4596Uoi2O4DtmEMz,Goodbye & Good Riddance,2020
346,47,Stuck with U (with Justin Bieber),Ariana Grande,82,85119135,"['dance pop', 'pop']",0.597,0.45,8,-6.658,1,0.0418,0.0,0.382,0.537,178.765,228482,3,False,4HBZA5flZLE435QTztThqH,66CXWjxzNUsdJxJ2JdwvnR,Stuck with U,2020
347,48,If the World Was Ending (feat. Julia Michaels),JP Saxe,77,384477,"['alt z', 'canadian contemporary r&b', 'neo mellow', 'pop']",0.464,0.473,1,-10.086,1,0.129,0.0,0.109,0.604,75.801,208687,4,False,2kJwzbxV2ppxnQoYw4GLBZ,66W9LaWS0DPdL7Sz8iYGYe,If the World Was Ending (feat. Julia Michaels),2020
348,49,Physical,Dua Lipa,76,37329937,"['dance pop', 'pop', 'uk pop']",0.647,0.844,0,-3.756,1,0.0457,0.000658,0.102,0.746,146.967,193829,4,False,3AzjcOeAmA57TIOr9zF1ZW,6M2wZ9GZgrQXHCFfjv46we,Future Nostalgia,2020
349,50,SICKO MODE,Travis Scott,82,21399433,"['rap', 'slap house']",0.834,0.73,8,-3.714,1,0.222,0.0,0.124,0.446,155.008,312820,4,True,2xLMifQCjDGFmkHkpNLD9h,0Y5tJX1MQlPlqiwlOH1tJY,ASTROWORLD,2020
350,1,drivers license,Olivia Rodrigo,86,22101003,['pop'],0.561,0.431,10,-8.81,1,0.0578,1.42e-05,0.106,0.137,143.875,242013,4,True,5wANPM4fQCJwkGd4rN57mH,1McMsnEElThX1knmY4oliG,SOUR,2021
351,2,MONTERO (Call Me By Your Name),Lil Nas X,82,12073366,"['lgbtq+ hip hop', 'pop']",0.593,0.503,8,-6.725,0,0.22,0.0,0.405,0.71,178.781,137704,4,True,1SC5rEoYDGUK4NfG82494W,7jVv8c5Fj3E9VhNjxT4snq,MONTERO,2021
352,3,STAY (with Justin Bieber),The Kid LAROI,86,4093726,"['australian hip hop', 'pop']",0.591,0.764,1,-5.484,1,0.0483,0.0,0.103,0.478,169.928,141806,4,True,5PjdY0CKGZdEuoNab3yDmX,2tIP7SsRs7vjIcLrU85W8J,F*CK LOVE 3: OVER YOU,2021
353,4,good 4 u,Olivia Rodrigo,86,22101003,['pop'],0.563,0.664,9,-5.044,1,0.154,0.0,0.0849,0.688,166.928,178147,4,True,4ZtFanR9U6ndgddUvNcjcG,1McMsnEElThX1knmY4oliG,SOUR,2021
354,5,Levitating (feat. DaBaby),Dua Lipa,84,37329937,"['dance pop', 'pop', 'uk pop']",0.702,0.825,6,-3.787,0,0.0601,0.0,0.0674,0.915,102.977,203064,4,False,5nujrmhLynf4yMoMtj8AQF,6M2wZ9GZgrQXHCFfjv46we,Future Nostalgia,2021
355,6,Peaches (feat. Daniel Caesar & Giveon),Justin Bieber,84,67698500,"['canadian pop', 'pop']",0.677,0.696,0,-6.181,1,0.119,0.0,0.42,0.464,90.03,198082,4,True,4iJyoBOLtHqaGxP12qzhQI,1uNFoZAHBGtllmzznpCI3s,Justice,2021
356,7,Kiss Me More (feat. SZA),Doja Cat,80,23058904,"['dance pop', 'pop']",0.764,0.705,8,-3.463,1,0.0284,8.92e-05,0.12,0.781,110.97,208667,4,True,3DarAbFujv6eYNliUTyqtz,5cj0lLjcoR7YOSnhnX0Po5,Planet Her,2021
357,8,Blinding Lights,The Weeknd,90,53005100,"['canadian contemporary r&b', 'canadian pop', 'pop']",0.514,0.73,1,-5.934,1,0.0598,9.54e-05,0.0897,0.334,171.005,200040,4,False,0VjIjW4GlUZAMYd2vXMi3b,1Xyo4u8uXC1ZmMpatF05PJ,After Hours,2021
358,9,Heat Waves,Glass Animals,86,3487463,"['gauze pop', 'indietronica', 'shiver pop']",0.761,0.525,11,-6.9,1,0.0944,6.7e-06,0.0921,0.531,80.87,238805,4,False,02MWAaffLxlfxAUY7c5dvx,4yvcSjfu4PC0CYQyLy4wSq,Dreamland (+ Bonus Levels),2021
359,10,Beggin',Måneskin,85,6478481,"['indie rock italiano', 'italian pop']",0.714,0.8,11,-4.808,0,0.0504,0.0,0.359,0.589,134.002,211560,4,False,3Wrjm47oTz2sjIgck11l5e,0lAWpj5szCSwM4rUMHYmrr,Chosen,2021
360,11,Astronaut In The Ocean,Masked Wolf,71,623567,"['australian hip hop', 'viral rap']",0.778,0.695,4,-6.865,0,0.0913,0.0,0.15,0.472,149.996,132780,4,True,6E90gq0KO6FYZVOXx8kCcC,1uU7g3DNSbsu0QjSEqZtEd,Astronomical,2021
361,12,DÁKITI,Bad Bunny,80,59583011,"['reggaeton', 'trap latino']",0.731,0.573,4,-10.059,0,0.0544,5.22e-05,0.113,0.145,109.928,205090,4,True,4MzXwWMhyBbmu6hOcLVD49,4q3ewBCX7sLwd24euuV69X,EL ÚLTIMO TOUR DEL MUNDO,2021
362,13,INDUSTRY BABY (feat. Jack Harlow),Lil Nas X,80,12073366,"['lgbtq+ hip hop', 'pop']",0.741,0.691,10,-7.395,0,0.0672,0.0,0.0476,0.892,150.087,212353,4,True,5Z9KJZvQzH6PFmb8SNkxuk,7jVv8c5Fj3E9VhNjxT4snq,MONTERO,2021
363,14,Bad Habits,Ed Sheeran,86,105408325,"['pop', 'uk pop']",0.807,0.893,11,-3.745,0,0.0347,2.79e-05,0.366,0.537,126.011,230747,4,False,3rmo8F54jFF8OgYsqTxm5d,6eUKZXaKkcviH0Ku9w2n3V,=,2021
364,15,Save Your Tears,The Weeknd,88,53005100,"['canadian contemporary r&b', 'canadian pop', 'pop']",0.68,0.826,0,-5.487,1,0.0309,1.24e-05,0.543,0.644,118.051,215627,4,True,5QO79kh1waicV47BqGRL3g,1Xyo4u8uXC1ZmMpatF05PJ,After Hours,2021
365,16,Butter,BTS,81,57849048,"['k-pop', 'k-pop boy group']",0.759,0.459,8,-5.187,1,0.0948,0.0,0.0788,0.695,109.997,164952,4,False,6jjYDGxVJsWS0a5wlVF5vS,3Nrfpe0tUJi4K4DXYWgMUX,Proof,2021
366,17,Leave The Door Open,Bruno Mars,83,44487480,"['dance pop', 'pop']",0.586,0.616,5,-7.964,1,0.0324,0.0,0.0927,0.719,148.088,242096,4,False,02VBYrHfVwfEWXk5DXyf0T,0du5cEVh5yTK9QJze8zA0C,An Evening With Silk Sonic,2021
367,18,deja vu,Olivia Rodrigo,86,22101003,['pop'],0.442,0.612,2,-7.222,1,0.112,5.7e-06,0.37,0.178,180.917,215507,4,True,6HU7h9RYOaPRFeh0R3UeAr,1McMsnEElThX1knmY4oliG,SOUR,2021
368,19,Todo De Ti,Rauw Alejandro,78,14474457,"['puerto rican pop', 'trap latino']",0.78,0.719,3,-3.613,0,0.0506,0.000196,0.0931,0.336,127.962,199604,4,True,3rdAz1fbUfZxYgaCviYhRo,1mcTU81TzQhprhouKaTkpq,VICE VERSA,2021
369,20,Mood (feat. iann dior),24kGoldn,82,1907130,"['cali rap', 'pop', 'pop rap', 'rap']",0.701,0.716,7,-3.671,0,0.0361,0.0,0.324,0.732,91.007,140533,4,True,4jPy3l0RUwlUI9T5XHBW2m,6fWVd57NKTalqvmjRd2t8Z,El Dorado,2021
370,21,The Business,Tiësto,81,6598099,"['big room', 'brostep', 'dance pop', 'dutch edm', 'edm', 'house', 'pop', 'pop dance', 'slap house', 'trance', 'tropical house']",0.798,0.62,8,-7.079,0,0.232,0.0192,0.112,0.235,120.031,164000,4,False,6f3Slt0GbA2bPZlz0aIFXN,2o5jDhtHVPhrJdv3cEQ99Z,The Business,2021
371,22,Dynamite,BTS,84,57849048,"['k-pop', 'k-pop boy group']",0.746,0.765,6,-4.41,0,0.0993,0.0,0.0936,0.737,114.044,199054,4,False,5QDLhrAOJJdNAmCTJ8xMyW,3Nrfpe0tUJi4K4DXYWgMUX,BE,2021
372,23,Yonaguni,Bad Bunny,87,59583011,"['reggaeton', 'trap latino']",0.644,0.648,1,-4.601,1,0.118,0.0,0.135,0.44,179.951,206710,4,True,2JPLbjOn0wPCngEot2STUS,4q3ewBCX7sLwd24euuV69X,Yonaguni,2021
373,24,Watermelon Sugar,Harry Styles,88,24493873,['pop'],0.548,0.816,0,-4.209,1,0.0465,0.0,0.335,0.557,95.39,174000,4,False,6UelLqGlWMcVH1E5c4H7lY,6KImCVD70vtIoJWnq6nGn3,Fine Line,2021
374,25,Friday (feat. Mufasa & Hypeman) - Dopamine Re-Edit,Riton,81,104876,"['dance pop', 'edm', 'house', 'pop dance', 'tropical house', 'uk dance']",0.824,0.862,2,-3.424,1,0.126,0.000132,0.303,0.801,122.98,169153,4,False,4cG7HUWYHBV6R6tHn1gxrl,7i9j813KFoSBMldGqlh2Z1,Friday (feat. Mufasa & Hypeman) [Dopamine Re-Edit],2021
375,26,telepatía,Kali Uchis,81,3314134,"['colombian pop', 'pop']",0.653,0.524,11,-9.016,0,0.0502,0.0,0.203,0.553,83.97,160191,4,False,6tDDoYIxWvMLTdKpjFkc1B,1U1el3k54VvEUzo3ybLPlM,Sin Miedo (del Amor y Otros Demonios) ∞,2021
376,27,WITHOUT YOU,The Kid LAROI,78,4093726,"['australian hip hop', 'pop']",0.662,0.413,0,-7.357,1,0.0299,0.0,0.134,0.467,93.005,161385,4,True,27OeeYzk6klgBh83TSvGMA,2tIP7SsRs7vjIcLrU85W8J,F*CK LOVE (SAVAGE),2021
377,28,Heartbreak Anniversary,Giveon,83,2622007,"['pop', 'r&b']",0.449,0.465,0,-8.964,1,0.0791,1.02e-06,0.303,0.543,89.087,198371,3,False,3FAJ6O0NOHQV8Mc5Ri6ENp,4fxd5Ee7UefO4CUXgwJ7IP,TAKE TIME,2021
378,29,traitor,Olivia Rodrigo,86,22101003,['pop'],0.38,0.339,3,-7.885,1,0.0338,0.0,0.12,0.0849,100.607,229227,4,False,5CZ40GBx1sQ9agT82CLQCT,1McMsnEElThX1knmY4oliG,SOUR,2021
379,30,Pepas,Farruko,74,14319749,"['latin hip hop', 'reggaeton', 'trap latino']",0.762,0.766,7,-3.955,1,0.0343,6.98e-05,0.128,0.442,130.001,287120,4,True,2B4GHvToeLTOBB4QLzW3Ni,329e4yvIujISKGKz1BZZbO,La 167,2021
380,31,positions,Ariana Grande,84,85119135,"['dance pop', 'pop']",0.737,0.802,0,-4.771,1,0.0878,0.0,0.0931,0.682,144.015,172325,4,True,35mvY5S1H3J2QZyna3TFe0,66CXWjxzNUsdJxJ2JdwvnR,Positions,2021
381,32,Someone You Loved,Lewis Capaldi,87,10120269,"['pop', 'uk pop']",0.501,0.405,1,-5.679,1,0.0319,0.0,0.105,0.446,109.891,182161,4,False,7qEHsqek33rTcFNT9PFqLf,4GNC7GD6oZMSxPGyXy4MNB,Divinely Uninspired To A Hellish Extent,2021
382,33,Bandido,Myke Towers,74,9915131,"['reggaeton', 'trap latino']",0.713,0.617,8,-4.637,1,0.0887,0.0,0.0962,0.682,168.021,232853,4,False,1xK1Gg9SxG8fy2Ya373oqb,7iK8PXO48WeuP03g8YR51W,Bandido,2021
383,34,I WANNA BE YOUR SLAVE,Måneskin,82,6478481,"['indie rock italiano', 'italian pop']",0.75,0.608,1,-4.008,1,0.0387,0.0,0.178,0.958,132.507,173347,4,True,4pt5fDVTg5GhEvEtlz9dKk,0lAWpj5szCSwM4rUMHYmrr,Teatro d'ira - Vol. I,2021
384,35,RAPSTAR,Polo G,81,8647248,['chicago rap'],0.789,0.536,6,-6.862,1,0.242,0.0,0.129,0.437,81.039,165926,4,True,18vXApRmJSgQ6wG2ll9AOg,6AgTAQt8XS6jRWi4sX7w49,Hall of Fame,2021
385,36,LA NOCHE DE ANOCHE,Bad Bunny,81,59583011,"['reggaeton', 'trap latino']",0.856,0.618,7,-4.892,1,0.286,0.0,0.0866,0.391,81.993,203201,4,False,2XIc1pqjXV3Cr2BQUGNBck,4q3ewBCX7sLwd24euuV69X,EL ÚLTIMO TOUR DEL MUNDO,2021
386,37,Streets,Doja Cat,82,23058904,"['dance pop', 'pop']",0.749,0.463,11,-8.433,1,0.0842,0.0382,0.338,0.189,90.035,226987,4,True,60ynsPSSKe6O3sfwRnIBRf,5cj0lLjcoR7YOSnhnX0Po5,Hot Pink,2021
387,38,Sweater Weather,The Neighbourhood,92,10758996,"['modern alternative rock', 'modern rock', 'pop', 'shimmer pop']",0.612,0.807,10,-2.81,1,0.0336,0.0177,0.101,0.398,124.053,240400,4,False,2QjOHCTQ1Jl3zawyYOpxh6,77SW9BnxLY8rJ0RciFqkHh,I Love You.,2021
388,39,Fiel,Los Legendarios,74,78154,"['reggaeton', 'reggaeton flow', 'trap latino']",0.849,0.701,6,-4.407,0,0.06,0.0,0.112,0.505,98.005,261667,4,False,7Bk0uXKk1uPT0XuQbpFzvs,0n6sKrG0xKAf8xmdqeNGke,Los Legendarios 001,2021
389,40,Need to Know,Doja Cat,82,23058904,"['dance pop', 'pop']",0.664,0.609,1,-6.509,1,0.0707,0.0,0.0926,0.194,130.041,210560,4,True,3Vi5XqYrmQgOYBajMWSvCi,5cj0lLjcoR7YOSnhnX0Po5,Planet Her,2021
390,41,Don't Start Now,Dua Lipa,81,37329937,"['dance pop', 'pop', 'uk pop']",0.793,0.793,11,-4.521,0,0.083,0.0,0.0951,0.679,123.95,183290,4,False,3PfIrDoz19wz7qK7tYeu62,6M2wZ9GZgrQXHCFfjv46we,Future Nostalgia,2021
391,42,"Lemonade (feat. Gunna, Don Toliver & NAV)",Internet Money,76,673996,"['pop rap', 'rap', 'trap', 'viral rap']",0.8,0.658,1,-6.142,0,0.079,0.0,0.111,0.462,140.042,195429,4,True,7hxHWCCAIIxFLCzvDgnQHX,6MPCFvOQv5cIGfw3jODMF0,B4 The Storm,2021
392,43,Woman,Doja Cat,87,23058904,"['dance pop', 'pop']",0.824,0.764,5,-4.175,0,0.0854,0.00294,0.117,0.881,107.998,172627,4,True,6Uj1ctrBOjOas8xZXGqKk4,5cj0lLjcoR7YOSnhnX0Po5,Planet Her,2021
393,44,Arcade,Duncan Laurence,75,443367,['dutch pop'],0.453,0.35,9,-11.639,0,0.0425,0.00122,0.144,0.279,72.017,185147,3,False,1J14CdDAvBTE1AJYUOwl6C,3klZnJvYGIbWritVwQD434,Small Town Boy (Track By Track),2021
394,45,Good Days,SZA,82,8766574,"['pop', 'r&b', 'rap']",0.436,0.655,1,-8.37,0,0.0583,8.1e-06,0.688,0.412,121.002,279204,4,True,3YJJjQPAbDT7mGpX3WtQ9A,7tYKF4w9nC0nq9CsPZTHyP,Good Days,2021
395,46,Qué Más Pues?,J Balvin,75,35863330,"['reggaeton', 'reggaeton colombiano', 'trap latino']",0.903,0.817,8,-3.972,1,0.095,0.000311,0.242,0.732,102.014,217360,4,False,6D2TCm4nf5nxAcdGJ7w3QP,1vyhD5VmyZ7KMfW5gqLgo5,JOSE,2021
396,47,Head & Heart (feat. MNEK),Joel Corry,78,310743,"['dance pop', 'edm', 'pop', 'pop dance', 'tropical house', 'uk dance']",0.734,0.874,8,-3.158,1,0.0662,1.14e-05,0.0489,0.905,122.953,166028,4,False,6cx06DFPPHchuUAcTxznu9,6DgP9otnZw5z6daOntINxp,Head & Heart (feat. MNEK),2021
397,48,34+35,Ariana Grande,80,85119135,"['dance pop', 'pop']",0.83,0.585,0,-6.476,1,0.094,0.0,0.248,0.485,109.978,173711,4,True,6Im9k8u9iIzKMrmV7BWtlF,66CXWjxzNUsdJxJ2JdwvnR,Positions,2021
398,49,you broke me first,Tate McRae,83,3206139,['pop'],0.667,0.373,4,-9.389,1,0.05,0.0,0.0906,0.0823,124.148,169266,4,True,45bE4HXI0AwGZXfZtMp8JR,45dkTj5sMRSjrmBSBeiHym,you broke me first,2021
399,50,Pareja Del Año,Sebastian Yatra,76,20373812,"['colombian pop', 'reggaeton colombiano']",0.715,0.622,4,-5.102,0,0.046,0.0,0.0948,0.808,80.015,195053,4,False,2rCbl9naJYhaxjLsfx88uM,07YUOmWljBTXwIseAUd9TW,Pareja Del Año,2021
